file,line,type,commit,author,date,time,timezone,datetime,depth,length
style.css,1,css,623f93d8,Ethan Choi,2026-04-16,16:54:38,-07:00,2026-04-16T16:54:38-07:00,0,4
style.css,2,css,623f93d8,Ethan Choi,2026-04-16,16:54:38,-07:00,2026-04-16T16:54:38-07:00,2,23
style.css,3,css,623f93d8,Ethan Choi,2026-04-16,16:54:38,-07:00,2026-04-16T16:54:38-07:00,2,31
style.css,4,css,104ca69e,Ethan Choi,2026-04-09,20:27:19,-07:00,2026-04-09T20:27:19-07:00,0,0
style.css,5,css,104ca69e,Ethan Choi,2026-04-09,20:27:19,-07:00,2026-04-09T20:27:19-07:00,0,0
style.css,6,css,623f93d8,Ethan Choi,2026-04-16,16:54:38,-07:00,2026-04-16T16:54:38-07:00,0,13
style.css,7,css,623f93d8,Ethan Choi,2026-04-16,16:54:38,-07:00,2026-04-16T16:54:38-07:00,2,17
style.css,8,css,623f93d8,Ethan Choi,2026-04-16,16:54:38,-07:00,2026-04-16T16:54:38-07:00,2,8
style.css,9,css,623f93d8,Ethan Choi,2026-04-16,16:54:38,-07:00,2026-04-16T16:54:38-07:00,2,10
style.css,10,css,623f93d8,Ethan Choi,2026-04-16,16:54:38,-07:00,2026-04-16T16:54:38-07:00,2,13
style.css,11,css,623f93d8,Ethan Choi,2026-04-16,16:54:38,-07:00,2026-04-16T16:54:38-07:00,2,19
style.css,12,css,623f93d8,Ethan Choi,2026-04-16,16:54:38,-07:00,2026-04-16T16:54:38-07:00,2,16
style.css,13,css,623f93d8,Ethan Choi,2026-04-16,16:54:38,-07:00,2026-04-16T16:54:38-07:00,2,12
style.css,14,css,623f93d8,Ethan Choi,2026-04-16,16:54:38,-07:00,2026-04-16T16:54:38-07:00,0,0
style.css,15,css,623f93d8,Ethan Choi,2026-04-16,16:54:38,-07:00,2026-04-16T16:54:38-07:00,0,0
style.css,16,css,104ca69e,Ethan Choi,2026-04-09,20:27:19,-07:00,2026-04-09T20:27:19-07:00,0,4
style.css,17,css,104ca69e,Ethan Choi,2026-04-09,20:27:19,-07:00,2026-04-09T20:27:19-07:00,2,23
style.css,18,css,104ca69e,Ethan Choi,2026-04-09,20:27:19,-07:00,2026-04-09T20:27:19-07:00,2,15
style.css,19,css,104ca69e,Ethan Choi,2026-04-09,20:27:19,-07:00,2026-04-09T20:27:19-07:00,2,42
style.css,20,css,104ca69e,Ethan Choi,2026-04-09,20:27:19,-07:00,2026-04-09T20:27:19-07:00,2,16
style.css,21,css,104ca69e,Ethan Choi,2026-04-09,20:27:19,-07:00,2026-04-09T20:27:19-07:00,2,18
style.css,22,css,00000000,Not Committed Yet,2026-05-08,15:54:31,-07:00,2026-05-08T15:54:31-07:00,2,17
style.css,23,css,623f93d8,Ethan Choi,2026-04-16,16:54:38,-07:00,2026-04-16T16:54:38-07:00,2,16
style.css,24,css,623f93d8,Ethan Choi,2026-04-16,16:54:38,-07:00,2026-04-16T16:54:38-07:00,2,124
style.css,25,css,623f93d8,Ethan Choi,2026-04-16,16:54:38,-07:00,2026-04-16T16:54:38-07:00,2,27
style.css,26,css,104ca69e,Ethan Choi,2026-04-09,20:27:19,-07:00,2026-04-09T20:27:19-07:00,0,0
style.css,27,css,104ca69e,Ethan Choi,2026-04-09,20:27:19,-07:00,2026-04-09T20:27:19-07:00,0,0
style.css,28,css,623f93d8,Ethan Choi,2026-04-16,16:54:38,-07:00,2026-04-16T16:54:38-07:00,0,5
style.css,29,css,623f93d8,Ethan Choi,2026-04-16,16:54:38,-07:00,2026-04-16T16:54:38-07:00,2,12
style.css,30,css,623f93d8,Ethan Choi,2026-04-16,16:54:38,-07:00,2026-04-16T16:54:38-07:00,2,18
style.css,31,css,623f93d8,Ethan Choi,2026-04-16,16:54:38,-07:00,2026-04-16T16:54:38-07:00,2,9
style.css,32,css,623f93d8,Ethan Choi,2026-04-16,16:54:38,-07:00,2026-04-16T16:54:38-07:00,2,19
style.css,33,css,623f93d8,Ethan Choi,2026-04-16,16:54:38,-07:00,2026-04-16T16:54:38-07:00,0,0
style.css,34,css,623f93d8,Ethan Choi,2026-04-16,16:54:38,-07:00,2026-04-16T16:54:38-07:00,0,0
style.css,35,css,623f93d8,Ethan Choi,2026-04-16,16:54:38,-07:00,2026-04-16T16:54:38-07:00,0,11
style.css,36,css,623f93d8,Ethan Choi,2026-04-16,16:54:38,-07:00,2026-04-16T16:54:38-07:00,2,11
style.css,37,css,623f93d8,Ethan Choi,2026-04-16,16:54:38,-07:00,2026-04-16T16:54:38-07:00,2,12
style.css,38,css,623f93d8,Ethan Choi,2026-04-16,16:54:38,-07:00,2026-04-16T16:54:38-07:00,2,17
style.css,39,css,623f93d8,Ethan Choi,2026-04-16,16:54:38,-07:00,2026-04-16T16:54:38-07:00,2,16
style.css,40,css,623f93d8,Ethan Choi,2026-04-16,16:54:38,-07:00,2026-04-16T16:54:38-07:00,2,13
style.css,41,css,623f93d8,Ethan Choi,2026-04-16,16:54:38,-07:00,2026-04-16T16:54:38-07:00,2,65
style.css,42,css,623f93d8,Ethan Choi,2026-04-16,16:54:38,-07:00,2026-04-16T16:54:38-07:00,0,0
style.css,43,css,623f93d8,Ethan Choi,2026-04-16,16:54:38,-07:00,2026-04-16T16:54:38-07:00,0,0
style.css,44,css,623f93d8,Ethan Choi,2026-04-16,16:54:38,-07:00,2026-04-16T16:54:38-07:00,0,8
style.css,45,css,623f93d8,Ethan Choi,2026-04-16,16:54:38,-07:00,2026-04-16T16:54:38-07:00,2,8
style.css,46,css,623f93d8,Ethan Choi,2026-04-16,16:54:38,-07:00,2026-04-16T16:54:38-07:00,2,14
style.css,47,css,623f93d8,Ethan Choi,2026-04-16,16:54:38,-07:00,2026-04-16T16:54:38-07:00,2,16
style.css,48,css,623f93d8,Ethan Choi,2026-04-16,16:54:38,-07:00,2026-04-16T16:54:38-07:00,0,0
style.css,49,css,623f93d8,Ethan Choi,2026-04-16,16:54:38,-07:00,2026-04-16T16:54:38-07:00,0,0
style.css,50,css,623f93d8,Ethan Choi,2026-04-16,16:54:38,-07:00,2026-04-16T16:54:38-07:00,0,11
style.css,51,css,623f93d8,Ethan Choi,2026-04-16,16:54:38,-07:00,2026-04-16T16:54:38-07:00,2,22
style.css,52,css,623f93d8,Ethan Choi,2026-04-16,16:54:38,-07:00,2026-04-16T16:54:38-07:00,2,54
style.css,53,css,623f93d8,Ethan Choi,2026-04-16,16:54:38,-07:00,2026-04-16T16:54:38-07:00,2,16
style.css,54,css,623f93d8,Ethan Choi,2026-04-16,16:54:38,-07:00,2026-04-16T16:54:38-07:00,0,0
style.css,55,css,623f93d8,Ethan Choi,2026-04-16,16:54:38,-07:00,2026-04-16T16:54:38-07:00,0,0
style.css,56,css,623f93d8,Ethan Choi,2026-04-16,16:54:38,-07:00,2026-04-16T16:54:38-07:00,0,45
style.css,57,css,623f93d8,Ethan Choi,2026-04-16,16:54:38,-07:00,2026-04-16T16:54:38-07:00,2,55
style.css,58,css,104ca69e,Ethan Choi,2026-04-09,20:27:19,-07:00,2026-04-09T20:27:19-07:00,2,26
style.css,59,css,104ca69e,Ethan Choi,2026-04-09,20:27:19,-07:00,2026-04-09T20:27:19-07:00,2,34
style.css,60,css,623f93d8,Ethan Choi,2026-04-16,16:54:38,-07:00,2026-04-16T16:54:38-07:00,2,65
style.css,61,css,104ca69e,Ethan Choi,2026-04-09,20:27:19,-07:00,2026-04-09T20:27:19-07:00,2,18
style.css,62,css,104ca69e,Ethan Choi,2026-04-09,20:27:19,-07:00,2026-04-09T20:27:19-07:00,0,0
style.css,63,css,104ca69e,Ethan Choi,2026-04-09,20:27:19,-07:00,2026-04-09T20:27:19-07:00,0,0
style.css,64,css,104ca69e,Ethan Choi,2026-04-09,20:27:19,-07:00,2026-04-09T20:27:19-07:00,0,3
style.css,65,css,104ca69e,Ethan Choi,2026-04-09,20:27:19,-07:00,2026-04-09T20:27:19-07:00,2,12
style.css,66,css,104ca69e,Ethan Choi,2026-04-09,20:27:19,-07:00,2026-04-09T20:27:19-07:00,2,14
style.css,67,css,623f93d8,Ethan Choi,2026-04-16,16:54:38,-07:00,2026-04-16T16:54:38-07:00,2,17
style.css,68,css,104ca69e,Ethan Choi,2026-04-09,20:27:19,-07:00,2026-04-09T20:27:19-07:00,2,15
style.css,69,css,623f93d8,Ethan Choi,2026-04-16,16:54:38,-07:00,2026-04-16T16:54:38-07:00,2,39
style.css,70,css,104ca69e,Ethan Choi,2026-04-09,20:27:19,-07:00,2026-04-09T20:27:19-07:00,0,0
style.css,71,css,104ca69e,Ethan Choi,2026-04-09,20:27:19,-07:00,2026-04-09T20:27:19-07:00,0,0
style.css,72,css,104ca69e,Ethan Choi,2026-04-09,20:27:19,-07:00,2026-04-09T20:27:19-07:00,0,5
style.css,73,css,104ca69e,Ethan Choi,2026-04-09,20:27:19,-07:00,2026-04-09T20:27:19-07:00,2,6
style.css,74,css,104ca69e,Ethan Choi,2026-04-09,20:27:19,-07:00,2026-04-09T20:27:19-07:00,2,20
style.css,75,css,623f93d8,Ethan Choi,2026-04-16,16:54:38,-07:00,2026-04-16T16:54:38-07:00,2,20
style.css,76,css,623f93d8,Ethan Choi,2026-04-16,16:54:38,-07:00,2026-04-16T16:54:38-07:00,2,13
style.css,77,css,623f93d8,Ethan Choi,2026-04-16,16:54:38,-07:00,2026-04-16T16:54:38-07:00,2,15
style.css,78,css,104ca69e,Ethan Choi,2026-04-09,20:27:19,-07:00,2026-04-09T20:27:19-07:00,0,0
style.css,79,css,104ca69e,Ethan Choi,2026-04-09,20:27:19,-07:00,2026-04-09T20:27:19-07:00,0,0
style.css,80,css,104ca69e,Ethan Choi,2026-04-09,20:27:19,-07:00,2026-04-09T20:27:19-07:00,0,13
style.css,81,css,104ca69e,Ethan Choi,2026-04-09,20:27:19,-07:00,2026-04-09T20:27:19-07:00,2,16
style.css,82,css,623f93d8,Ethan Choi,2026-04-16,16:54:38,-07:00,2026-04-16T16:54:38-07:00,2,59
style.css,83,css,623f93d8,Ethan Choi,2026-04-16,16:54:38,-07:00,2026-04-16T16:54:38-07:00,2,45
style.css,84,css,104ca69e,Ethan Choi,2026-04-09,20:27:19,-07:00,2026-04-09T20:27:19-07:00,0,0
style.css,85,css,104ca69e,Ethan Choi,2026-04-09,20:27:19,-07:00,2026-04-09T20:27:19-07:00,0,0
style.css,86,css,104ca69e,Ethan Choi,2026-04-09,20:27:19,-07:00,2026-04-09T20:27:19-07:00,0,4
style.css,87,css,104ca69e,Ethan Choi,2026-04-09,20:27:19,-07:00,2026-04-09T20:27:19-07:00,2,12
style.css,88,css,104ca69e,Ethan Choi,2026-04-09,20:27:19,-07:00,2026-04-09T20:27:19-07:00,2,30
style.css,89,css,104ca69e,Ethan Choi,2026-04-09,20:27:19,-07:00,2026-04-09T20:27:19-07:00,2,7
style.css,90,css,104ca69e,Ethan Choi,2026-04-09,20:27:19,-07:00,2026-04-09T20:27:19-07:00,2,11
style.css,91,css,104ca69e,Ethan Choi,2026-04-09,20:27:19,-07:00,2026-04-09T20:27:19-07:00,0,0
style.css,92,css,104ca69e,Ethan Choi,2026-04-09,20:27:19,-07:00,2026-04-09T20:27:19-07:00,0,0
style.css,93,css,104ca69e,Ethan Choi,2026-04-09,20:27:19,-07:00,2026-04-09T20:27:19-07:00,0,10
style.css,94,css,104ca69e,Ethan Choi,2026-04-09,20:27:19,-07:00,2026-04-09T20:27:19-07:00,2,12
style.css,95,css,104ca69e,Ethan Choi,2026-04-09,20:27:19,-07:00,2026-04-09T20:27:19-07:00,2,29
style.css,96,css,104ca69e,Ethan Choi,2026-04-09,20:27:19,-07:00,2026-04-09T20:27:19-07:00,2,18
style.css,97,css,104ca69e,Ethan Choi,2026-04-09,20:27:19,-07:00,2026-04-09T20:27:19-07:00,0,0
style.css,98,css,104ca69e,Ethan Choi,2026-04-09,20:27:19,-07:00,2026-04-09T20:27:19-07:00,0,0
style.css,99,css,623f93d8,Ethan Choi,2026-04-16,16:54:38,-07:00,2026-04-16T16:54:38-07:00,0,31
style.css,100,css,623f93d8,Ethan Choi,2026-04-16,16:54:38,-07:00,2026-04-16T16:54:38-07:00,2,12
style.css,101,css,623f93d8,Ethan Choi,2026-04-16,16:54:38,-07:00,2026-04-16T16:54:38-07:00,2,53
style.css,102,css,623f93d8,Ethan Choi,2026-04-16,16:54:38,-07:00,2026-04-16T16:54:38-07:00,2,16
style.css,103,css,623f93d8,Ethan Choi,2026-04-16,16:54:38,-07:00,2026-04-16T16:54:38-07:00,2,65
style.css,104,css,623f93d8,Ethan Choi,2026-04-16,16:54:38,-07:00,2026-04-16T16:54:38-07:00,2,17
style.css,105,css,623f93d8,Ethan Choi,2026-04-16,16:54:38,-07:00,2026-04-16T16:54:38-07:00,2,19
style.css,106,css,104ca69e,Ethan Choi,2026-04-09,20:27:19,-07:00,2026-04-09T20:27:19-07:00,0,0
style.css,107,css,104ca69e,Ethan Choi,2026-04-09,20:27:19,-07:00,2026-04-09T20:27:19-07:00,0,0
style.css,108,css,104ca69e,Ethan Choi,2026-04-09,20:27:19,-07:00,2026-04-09T20:27:19-07:00,0,11
style.css,109,css,104ca69e,Ethan Choi,2026-04-09,20:27:19,-07:00,2026-04-09T20:27:19-07:00,2,18
style.css,110,css,623f93d8,Ethan Choi,2026-04-16,16:54:38,-07:00,2026-04-16T16:54:38-07:00,2,30
style.css,111,css,623f93d8,Ethan Choi,2026-04-16,16:54:38,-07:00,2026-04-16T16:54:38-07:00,2,11
style.css,112,css,104ca69e,Ethan Choi,2026-04-09,20:27:19,-07:00,2026-04-09T20:27:19-07:00,2,14
style.css,113,css,623f93d8,Ethan Choi,2026-04-16,16:54:38,-07:00,2026-04-16T16:54:38-07:00,2,11
style.css,114,css,104ca69e,Ethan Choi,2026-04-09,20:27:19,-07:00,2026-04-09T20:27:19-07:00,0,0
style.css,115,css,104ca69e,Ethan Choi,2026-04-09,20:27:19,-07:00,2026-04-09T20:27:19-07:00,0,0
style.css,116,css,104ca69e,Ethan Choi,2026-04-09,20:27:19,-07:00,2026-04-09T20:27:19-07:00,0,9
style.css,117,css,104ca69e,Ethan Choi,2026-04-09,20:27:19,-07:00,2026-04-09T20:27:19-07:00,2,12
style.css,118,css,104ca69e,Ethan Choi,2026-04-09,20:27:19,-07:00,2026-04-09T20:27:19-07:00,2,58
style.css,119,css,623f93d8,Ethan Choi,2026-04-16,16:54:38,-07:00,2026-04-16T16:54:38-07:00,2,9
style.css,120,css,104ca69e,Ethan Choi,2026-04-09,20:27:19,-07:00,2026-04-09T20:27:19-07:00,0,0
style.css,121,css,104ca69e,Ethan Choi,2026-04-09,20:27:19,-07:00,2026-04-09T20:27:19-07:00,0,0
style.css,122,css,104ca69e,Ethan Choi,2026-04-09,20:27:19,-07:00,2026-04-09T20:27:19-07:00,0,17
style.css,123,css,104ca69e,Ethan Choi,2026-04-09,20:27:19,-07:00,2026-04-09T20:27:19-07:00,2,11
style.css,124,css,104ca69e,Ethan Choi,2026-04-09,20:27:19,-07:00,2026-04-09T20:27:19-07:00,0,0
style.css,125,css,104ca69e,Ethan Choi,2026-04-09,20:27:19,-07:00,2026-04-09T20:27:19-07:00,0,0
style.css,126,css,623f93d8,Ethan Choi,2026-04-16,16:54:38,-07:00,2026-04-16T16:54:38-07:00,0,13
style.css,127,css,104ca69e,Ethan Choi,2026-04-09,20:27:19,-07:00,2026-04-09T20:27:19-07:00,2,10
style.css,128,css,623f93d8,Ethan Choi,2026-04-16,16:54:38,-07:00,2026-04-16T16:54:38-07:00,2,17
style.css,129,css,104ca69e,Ethan Choi,2026-04-09,20:27:19,-07:00,2026-04-09T20:27:19-07:00,2,16
style.css,130,css,104ca69e,Ethan Choi,2026-04-09,20:27:19,-07:00,2026-04-09T20:27:19-07:00,2,17
style.css,131,css,9b346cde,Ethan Choi,2026-04-23,16:04:11,-07:00,2026-04-23T16:04:11-07:00,0,0
style.css,132,css,9b346cde,Ethan Choi,2026-04-23,16:04:11,-07:00,2026-04-23T16:04:11-07:00,0,0
style.css,133,css,9b346cde,Ethan Choi,2026-04-23,16:04:11,-07:00,2026-04-23T16:04:11-07:00,0,13
style.css,134,css,9b346cde,Ethan Choi,2026-04-23,16:04:11,-07:00,2026-04-23T16:04:11-07:00,2,12
style.css,135,css,9b346cde,Ethan Choi,2026-04-23,16:04:11,-07:00,2026-04-23T16:04:11-07:00,2,36
style.css,136,css,9b346cde,Ethan Choi,2026-04-23,16:04:11,-07:00,2026-04-23T16:04:11-07:00,2,7
style.css,137,css,9b346cde,Ethan Choi,2026-04-23,16:04:11,-07:00,2026-04-23T16:04:11-07:00,2,17
style.css,138,css,9b346cde,Ethan Choi,2026-04-23,16:04:11,-07:00,2026-04-23T16:04:11-07:00,2,55
style.css,139,css,9b346cde,Ethan Choi,2026-04-23,16:04:11,-07:00,2026-04-23T16:04:11-07:00,2,26
style.css,140,css,9b346cde,Ethan Choi,2026-04-23,16:04:11,-07:00,2026-04-23T16:04:11-07:00,2,34
style.css,141,css,9b346cde,Ethan Choi,2026-04-23,16:04:11,-07:00,2026-04-23T16:04:11-07:00,2,65
style.css,142,css,9b346cde,Ethan Choi,2026-04-23,16:04:11,-07:00,2026-04-23T16:04:11-07:00,2,18
style.css,143,css,9b346cde,Ethan Choi,2026-04-23,16:04:11,-07:00,2026-04-23T16:04:11-07:00,2,13
style.css,144,css,9b346cde,Ethan Choi,2026-04-23,16:04:11,-07:00,2026-04-23T16:04:11-07:00,2,17
style.css,145,css,9b346cde,Ethan Choi,2026-04-23,16:04:11,-07:00,2026-04-23T16:04:11-07:00,0,0
style.css,146,css,9b346cde,Ethan Choi,2026-04-23,16:04:11,-07:00,2026-04-23T16:04:11-07:00,0,0
style.css,147,css,9b346cde,Ethan Choi,2026-04-23,16:04:11,-07:00,2026-04-23T16:04:11-07:00,0,16
style.css,148,css,00000000,Not Committed Yet,2026-05-08,15:54:31,-07:00,2026-05-08T15:54:31-07:00,2,10
style.css,149,css,9b346cde,Ethan Choi,2026-04-23,16:04:11,-07:00,2026-04-23T16:04:11-07:00,2,16
style.css,150,css,9b346cde,Ethan Choi,2026-04-23,16:04:11,-07:00,2026-04-23T16:04:11-07:00,2,25
style.css,151,css,9b346cde,Ethan Choi,2026-04-23,16:04:11,-07:00,2026-04-23T16:04:11-07:00,2,15
style.css,152,css,9b346cde,Ethan Choi,2026-04-23,16:04:11,-07:00,2026-04-23T16:04:11-07:00,2,24
style.css,153,css,9b346cde,Ethan Choi,2026-04-23,16:04:11,-07:00,2026-04-23T16:04:11-07:00,2,21
style.css,154,css,9b346cde,Ethan Choi,2026-04-23,16:04:11,-07:00,2026-04-23T16:04:11-07:00,0,0
style.css,155,css,9b346cde,Ethan Choi,2026-04-23,16:04:11,-07:00,2026-04-23T16:04:11-07:00,0,0
style.css,156,css,9b346cde,Ethan Choi,2026-04-23,16:04:11,-07:00,2026-04-23T16:04:11-07:00,0,16
style.css,157,css,00000000,Not Committed Yet,2026-05-08,15:54:31,-07:00,2026-05-08T15:54:31-07:00,2,10
style.css,158,css,9b346cde,Ethan Choi,2026-04-23,16:04:11,-07:00,2026-04-23T16:04:11-07:00,2,8
style.css,159,css,9b346cde,Ethan Choi,2026-04-23,16:04:11,-07:00,2026-04-23T16:04:11-07:00,2,13
style.css,160,css,9b346cde,Ethan Choi,2026-04-23,16:04:11,-07:00,2026-04-23T16:04:11-07:00,2,16
style.css,161,css,82c2c632,Ethan Choi,2026-04-30,14:07:42,-07:00,2026-04-30T14:07:42-07:00,0,0
style.css,162,css,82c2c632,Ethan Choi,2026-04-30,14:07:42,-07:00,2026-04-30T14:07:42-07:00,0,0
style.css,163,css,82c2c632,Ethan Choi,2026-04-30,14:07:42,-07:00,2026-04-30T14:07:42-07:00,0,10
style.css,164,css,82c2c632,Ethan Choi,2026-04-30,14:07:42,-07:00,2026-04-30T14:07:42-07:00,2,10
style.css,165,css,82c2c632,Ethan Choi,2026-04-30,14:07:42,-07:00,2026-04-30T14:07:42-07:00,2,14
style.css,166,css,82c2c632,Ethan Choi,2026-04-30,14:07:42,-07:00,2026-04-30T14:07:42-07:00,2,19
style.css,167,css,82c2c632,Ethan Choi,2026-04-30,14:07:42,-07:00,2026-04-30T14:07:42-07:00,2,17
style.css,168,css,82c2c632,Ethan Choi,2026-04-30,14:07:42,-07:00,2026-04-30T14:07:42-07:00,2,65
style.css,169,css,82c2c632,Ethan Choi,2026-04-30,14:07:42,-07:00,2026-04-30T14:07:42-07:00,2,53
style.css,170,css,82c2c632,Ethan Choi,2026-04-30,14:07:42,-07:00,2026-04-30T14:07:42-07:00,2,16
style.css,171,css,82c2c632,Ethan Choi,2026-04-30,14:07:42,-07:00,2026-04-30T14:07:42-07:00,2,14
style.css,172,css,82c2c632,Ethan Choi,2026-04-30,14:07:42,-07:00,2026-04-30T14:07:42-07:00,0,0
style.css,173,css,82c2c632,Ethan Choi,2026-04-30,14:07:42,-07:00,2026-04-30T14:07:42-07:00,0,0
style.css,174,css,82c2c632,Ethan Choi,2026-04-30,14:07:42,-07:00,2026-04-30T14:07:42-07:00,0,10
style.css,175,css,00000000,Not Committed Yet,2026-05-08,15:54:31,-07:00,2026-05-08T15:54:31-07:00,2,12
style.css,176,css,82c2c632,Ethan Choi,2026-04-30,14:07:42,-07:00,2026-04-30T14:07:42-07:00,2,18
style.css,177,css,82c2c632,Ethan Choi,2026-04-30,14:07:42,-07:00,2026-04-30T14:07:42-07:00,2,7
style.css,178,css,82c2c632,Ethan Choi,2026-04-30,14:07:42,-07:00,2026-04-30T14:07:42-07:00,2,17
style.css,179,css,82c2c632,Ethan Choi,2026-04-30,14:07:42,-07:00,2026-04-30T14:07:42-07:00,0,0
style.css,180,css,82c2c632,Ethan Choi,2026-04-30,14:07:42,-07:00,2026-04-30T14:07:42-07:00,0,0
style.css,181,css,82c2c632,Ethan Choi,2026-04-30,14:07:42,-07:00,2026-04-30T14:07:42-07:00,0,18
style.css,182,css,00000000,Not Committed Yet,2026-05-08,15:54:31,-07:00,2026-05-08T15:54:31-07:00,2,14
style.css,183,css,00000000,Not Committed Yet,2026-05-08,15:54:31,-07:00,2026-05-08T15:54:31-07:00,2,16
style.css,184,css,00000000,Not Committed Yet,2026-05-08,15:54:31,-07:00,2026-05-08T15:54:31-07:00,2,16
style.css,185,css,82c2c632,Ethan Choi,2026-04-30,14:07:42,-07:00,2026-04-30T14:07:42-07:00,0,0
style.css,186,css,82c2c632,Ethan Choi,2026-04-30,14:07:42,-07:00,2026-04-30T14:07:42-07:00,0,0
style.css,187,css,82c2c632,Ethan Choi,2026-04-30,14:07:42,-07:00,2026-04-30T14:07:42-07:00,0,7
style.css,188,css,00000000,Not Committed Yet,2026-05-08,15:54:31,-07:00,2026-05-08T15:54:31-07:00,2,12
style.css,189,css,00000000,Not Committed Yet,2026-05-08,15:54:31,-07:00,2026-05-08T15:54:31-07:00,2,57
style.css,190,css,82c2c632,Ethan Choi,2026-04-30,14:07:42,-07:00,2026-04-30T14:07:42-07:00,2,7
style.css,191,css,00000000,Not Committed Yet,2026-05-08,15:54:31,-07:00,2026-05-08T15:54:31-07:00,2,6
style.css,192,css,82c2c632,Ethan Choi,2026-04-30,14:07:42,-07:00,2026-04-30T14:07:42-07:00,2,15
style.css,193,css,82c2c632,Ethan Choi,2026-04-30,14:07:42,-07:00,2026-04-30T14:07:42-07:00,2,11
style.css,194,css,82c2c632,Ethan Choi,2026-04-30,14:07:42,-07:00,2026-04-30T14:07:42-07:00,2,55
style.css,195,css,82c2c632,Ethan Choi,2026-04-30,14:07:42,-07:00,2026-04-30T14:07:42-07:00,2,65
style.css,196,css,82c2c632,Ethan Choi,2026-04-30,14:07:42,-07:00,2026-04-30T14:07:42-07:00,2,18
style.css,197,css,82c2c632,Ethan Choi,2026-04-30,14:07:42,-07:00,2026-04-30T14:07:42-07:00,0,0
style.css,198,css,82c2c632,Ethan Choi,2026-04-30,14:07:42,-07:00,2026-04-30T14:07:42-07:00,0,0
style.css,199,css,82c2c632,Ethan Choi,2026-04-30,14:07:42,-07:00,2026-04-30T14:07:42-07:00,0,10
style.css,200,css,00000000,Not Committed Yet,2026-05-08,15:54:31,-07:00,2026-05-08T15:54:31-07:00,2,12
style.css,201,css,00000000,Not Committed Yet,2026-05-08,15:54:31,-07:00,2026-05-08T15:54:31-07:00,2,18
style.css,202,css,00000000,Not Committed Yet,2026-05-08,15:54:31,-07:00,2026-05-08T15:54:31-07:00,2,9
style.css,203,css,82c2c632,Ethan Choi,2026-04-30,14:07:42,-07:00,2026-04-30T14:07:42-07:00,2,15
style.css,204,css,82c2c632,Ethan Choi,2026-04-30,14:07:42,-07:00,2026-04-30T14:07:42-07:00,0,0
style.css,205,css,82c2c632,Ethan Choi,2026-04-30,14:07:42,-07:00,2026-04-30T14:07:42-07:00,0,0
style.css,206,css,82c2c632,Ethan Choi,2026-04-30,14:07:42,-07:00,2026-04-30T14:07:42-07:00,0,7
style.css,207,css,348e4b74,Ethan Choi,2026-04-30,14:52:38,-07:00,2026-04-30T14:52:38-07:00,2,9
style.css,208,css,348e4b74,Ethan Choi,2026-04-30,14:52:38,-07:00,2026-04-30T14:52:38-07:00,2,10
style.css,209,css,00000000,Not Committed Yet,2026-05-08,15:54:31,-07:00,2026-05-08T15:54:31-07:00,2,29
style.css,210,css,00000000,Not Committed Yet,2026-05-08,15:54:31,-07:00,2026-05-08T15:54:31-07:00,2,17
style.css,211,css,00000000,Not Committed Yet,2026-05-08,15:54:31,-07:00,2026-05-08T15:54:31-07:00,2,20
style.css,212,css,00000000,Not Committed Yet,2026-05-08,15:54:31,-07:00,2026-05-08T15:54:31-07:00,2,18
style.css,213,css,82c2c632,Ethan Choi,2026-04-30,14:07:42,-07:00,2026-04-30T14:07:42-07:00,0,0
style.css,214,css,82c2c632,Ethan Choi,2026-04-30,14:07:42,-07:00,2026-04-30T14:07:42-07:00,0,0
style.css,215,css,00000000,Not Committed Yet,2026-05-08,15:54:31,-07:00,2026-05-08T15:54:31-07:00,0,39
style.css,216,css,82c2c632,Ethan Choi,2026-04-30,14:07:42,-07:00,2026-04-30T14:07:42-07:00,0,3
style.css,217,css,348e4b74,Ethan Choi,2026-04-30,14:52:38,-07:00,2026-04-30T14:52:38-07:00,2,25
style.css,218,css,82c2c632,Ethan Choi,2026-04-30,14:07:42,-07:00,2026-04-30T14:07:42-07:00,0,0
style.css,219,css,82c2c632,Ethan Choi,2026-04-30,14:07:42,-07:00,2026-04-30T14:07:42-07:00,0,0
style.css,220,css,348e4b74,Ethan Choi,2026-04-30,14:52:38,-07:00,2026-04-30T14:52:38-07:00,0,36
style.css,221,css,00000000,Not Committed Yet,2026-05-08,15:54:31,-07:00,2026-05-08T15:54:31-07:00,2,11
style.css,222,css,82c2c632,Ethan Choi,2026-04-30,14:07:42,-07:00,2026-04-30T14:07:42-07:00,0,0
style.css,223,css,82c2c632,Ethan Choi,2026-04-30,14:07:42,-07:00,2026-04-30T14:07:42-07:00,0,0
style.css,224,css,82c2c632,Ethan Choi,2026-04-30,14:07:42,-07:00,2026-04-30T14:07:42-07:00,0,4
style.css,225,css,348e4b74,Ethan Choi,2026-04-30,14:52:38,-07:00,2026-04-30T14:52:38-07:00,2,21
style.css,226,css,348e4b74,Ethan Choi,2026-04-30,14:52:38,-07:00,2026-04-30T14:52:38-07:00,2,14
style.css,227,css,348e4b74,Ethan Choi,2026-04-30,14:52:38,-07:00,2026-04-30T14:52:38-07:00,0,0
style.css,228,css,348e4b74,Ethan Choi,2026-04-30,14:52:38,-07:00,2026-04-30T14:52:38-07:00,0,0
style.css,229,css,348e4b74,Ethan Choi,2026-04-30,14:52:38,-07:00,2026-04-30T14:52:38-07:00,0,10
style.css,230,css,348e4b74,Ethan Choi,2026-04-30,14:52:38,-07:00,2026-04-30T14:52:38-07:00,2,9
style.css,231,css,00000000,Not Committed Yet,2026-05-08,15:54:31,-07:00,2026-05-08T15:54:31-07:00,2,22
style.css,232,css,82c2c632,Ethan Choi,2026-04-30,14:07:42,-07:00,2026-04-30T14:07:42-07:00,0,0
style.css,233,css,82c2c632,Ethan Choi,2026-04-30,14:07:42,-07:00,2026-04-30T14:07:42-07:00,0,0
style.css,234,css,00000000,Not Committed Yet,2026-05-08,15:54:31,-07:00,2026-05-08T15:54:31-07:00,0,36
style.css,235,css,82c2c632,Ethan Choi,2026-04-30,14:07:42,-07:00,2026-04-30T14:07:42-07:00,0,9
style.css,236,css,348e4b74,Ethan Choi,2026-04-30,14:52:38,-07:00,2026-04-30T14:52:38-07:00,2,35
style.css,237,css,82c2c632,Ethan Choi,2026-04-30,14:07:42,-07:00,2026-04-30T14:07:42-07:00,0,0
style.css,238,css,82c2c632,Ethan Choi,2026-04-30,14:07:42,-07:00,2026-04-30T14:07:42-07:00,0,0
style.css,239,css,348e4b74,Ethan Choi,2026-04-30,14:52:38,-07:00,2026-04-30T14:52:38-07:00,0,13
style.css,240,css,348e4b74,Ethan Choi,2026-04-30,14:52:38,-07:00,2026-04-30T14:52:38-07:00,2,17
style.css,241,css,00000000,Not Committed Yet,2026-05-08,15:54:31,-07:00,2026-05-08T15:54:31-07:00,0,0
style.css,242,css,00000000,Not Committed Yet,2026-05-08,15:54:31,-07:00,2026-05-08T15:54:31-07:00,0,0
style.css,243,css,00000000,Not Committed Yet,2026-05-08,15:54:31,-07:00,2026-05-08T15:54:31-07:00,0,80
style.css,244,css,00000000,Not Committed Yet,2026-05-08,15:54:31,-07:00,2026-05-08T15:54:31-07:00,0,0
style.css,245,css,00000000,Not Committed Yet,2026-05-08,15:54:31,-07:00,2026-05-08T15:54:31-07:00,0,8
style.css,246,css,00000000,Not Committed Yet,2026-05-08,15:54:31,-07:00,2026-05-08T15:54:31-07:00,2,12
style.css,247,css,00000000,Not Committed Yet,2026-05-08,15:54:31,-07:00,2026-05-08T15:54:31-07:00,2,58
style.css,248,css,00000000,Not Committed Yet,2026-05-08,15:54:31,-07:00,2026-05-08T15:54:31-07:00,2,15
style.css,249,css,00000000,Not Committed Yet,2026-05-08,15:54:31,-07:00,2026-05-08T15:54:31-07:00,2,55
style.css,250,css,00000000,Not Committed Yet,2026-05-08,15:54:31,-07:00,2026-05-08T15:54:31-07:00,2,26
style.css,251,css,00000000,Not Committed Yet,2026-05-08,15:54:31,-07:00,2026-05-08T15:54:31-07:00,2,34
style.css,252,css,00000000,Not Committed Yet,2026-05-08,15:54:31,-07:00,2026-05-08T15:54:31-07:00,2,65
style.css,253,css,00000000,Not Committed Yet,2026-05-08,15:54:31,-07:00,2026-05-08T15:54:31-07:00,2,18
style.css,254,css,00000000,Not Committed Yet,2026-05-08,15:54:31,-07:00,2026-05-08T15:54:31-07:00,2,13
style.css,255,css,00000000,Not Committed Yet,2026-05-08,15:54:31,-07:00,2026-05-08T15:54:31-07:00,2,17
style.css,256,css,00000000,Not Committed Yet,2026-05-08,15:54:31,-07:00,2026-05-08T15:54:31-07:00,0,0
style.css,257,css,00000000,Not Committed Yet,2026-05-08,15:54:31,-07:00,2026-05-08T15:54:31-07:00,0,0
style.css,258,css,00000000,Not Committed Yet,2026-05-08,15:54:31,-07:00,2026-05-08T15:54:31-07:00,0,11
style.css,259,css,00000000,Not Committed Yet,2026-05-08,15:54:31,-07:00,2026-05-08T15:54:31-07:00,2,16
style.css,260,css,00000000,Not Committed Yet,2026-05-08,15:54:31,-07:00,2026-05-08T15:54:31-07:00,2,24
style.css,261,css,00000000,Not Committed Yet,2026-05-08,15:54:31,-07:00,2026-05-08T15:54:31-07:00,2,21
style.css,262,css,00000000,Not Committed Yet,2026-05-08,15:54:31,-07:00,2026-05-08T15:54:31-07:00,2,25
style.css,263,css,00000000,Not Committed Yet,2026-05-08,15:54:31,-07:00,2026-05-08T15:54:31-07:00,2,16
style.css,264,css,00000000,Not Committed Yet,2026-05-08,15:54:31,-07:00,2026-05-08T15:54:31-07:00,2,8
style.css,265,css,00000000,Not Committed Yet,2026-05-08,15:54:31,-07:00,2026-05-08T15:54:31-07:00,0,0
style.css,266,css,00000000,Not Committed Yet,2026-05-08,15:54:31,-07:00,2026-05-08T15:54:31-07:00,0,0
style.css,267,css,00000000,Not Committed Yet,2026-05-08,15:54:31,-07:00,2026-05-08T15:54:31-07:00,0,11
style.css,268,css,00000000,Not Committed Yet,2026-05-08,15:54:31,-07:00,2026-05-08T15:54:31-07:00,2,15
style.css,269,css,00000000,Not Committed Yet,2026-05-08,15:54:31,-07:00,2026-05-08T15:54:31-07:00,2,18
style.css,270,css,00000000,Not Committed Yet,2026-05-08,15:54:31,-07:00,2026-05-08T15:54:31-07:00,2,16
style.css,271,css,00000000,Not Committed Yet,2026-05-08,15:54:31,-07:00,2026-05-08T15:54:31-07:00,0,0
style.css,272,css,00000000,Not Committed Yet,2026-05-08,15:54:31,-07:00,2026-05-08T15:54:31-07:00,0,0
style.css,273,css,00000000,Not Committed Yet,2026-05-08,15:54:31,-07:00,2026-05-08T15:54:31-07:00,0,7
style.css,274,css,00000000,Not Committed Yet,2026-05-08,15:54:31,-07:00,2026-05-08T15:54:31-07:00,2,12
style.css,275,css,00000000,Not Committed Yet,2026-05-08,15:54:31,-07:00,2026-05-08T15:54:31-07:00,2,30
style.css,276,css,00000000,Not Committed Yet,2026-05-08,15:54:31,-07:00,2026-05-08T15:54:31-07:00,2,14
style.css,277,css,00000000,Not Committed Yet,2026-05-08,15:54:31,-07:00,2026-05-08T15:54:31-07:00,2,14
style.css,278,css,00000000,Not Committed Yet,2026-05-08,15:54:31,-07:00,2026-05-08T15:54:31-07:00,2,8
style.css,279,css,00000000,Not Committed Yet,2026-05-08,15:54:31,-07:00,2026-05-08T15:54:31-07:00,2,25
style.css,280,css,00000000,Not Committed Yet,2026-05-08,15:54:31,-07:00,2026-05-08T15:54:31-07:00,2,39
style.css,281,css,00000000,Not Committed Yet,2026-05-08,15:54:31,-07:00,2026-05-08T15:54:31-07:00,0,0
style.css,282,css,00000000,Not Committed Yet,2026-05-08,15:54:31,-07:00,2026-05-08T15:54:31-07:00,0,0
style.css,283,css,00000000,Not Committed Yet,2026-05-08,15:54:31,-07:00,2026-05-08T15:54:31-07:00,0,10
style.css,284,css,00000000,Not Committed Yet,2026-05-08,15:54:31,-07:00,2026-05-08T15:54:31-07:00,2,16
style.css,285,css,00000000,Not Committed Yet,2026-05-08,15:54:31,-07:00,2026-05-08T15:54:31-07:00,2,24
style.css,286,css,00000000,Not Committed Yet,2026-05-08,15:54:31,-07:00,2026-05-08T15:54:31-07:00,2,21
style.css,287,css,00000000,Not Committed Yet,2026-05-08,15:54:31,-07:00,2026-05-08T15:54:31-07:00,2,54
style.css,288,css,00000000,Not Committed Yet,2026-05-08,15:54:31,-07:00,2026-05-08T15:54:31-07:00,2,8
style.css,289,css,00000000,Not Committed Yet,2026-05-08,15:54:31,-07:00,2026-05-08T15:54:31-07:00,2,17
style.css,290,css,00000000,Not Committed Yet,2026-05-08,15:54:31,-07:00,2026-05-08T15:54:31-07:00,0,0
style.css,291,css,00000000,Not Committed Yet,2026-05-08,15:54:31,-07:00,2026-05-08T15:54:31-07:00,0,0
style.css,292,css,00000000,Not Committed Yet,2026-05-08,15:54:31,-07:00,2026-05-08T15:54:31-07:00,0,10
style.css,293,css,00000000,Not Committed Yet,2026-05-08,15:54:31,-07:00,2026-05-08T15:54:31-07:00,2,8
style.css,294,css,00000000,Not Committed Yet,2026-05-08,15:54:31,-07:00,2026-05-08T15:54:31-07:00,2,17
style.css,295,css,00000000,Not Committed Yet,2026-05-08,15:54:31,-07:00,2026-05-08T15:54:31-07:00,0,0
style.css,296,css,00000000,Not Committed Yet,2026-05-08,15:54:31,-07:00,2026-05-08T15:54:31-07:00,0,0
style.css,297,css,00000000,Not Committed Yet,2026-05-08,15:54:31,-07:00,2026-05-08T15:54:31-07:00,0,42
style.css,298,css,00000000,Not Committed Yet,2026-05-08,15:54:31,-07:00,2026-05-08T15:54:31-07:00,2,9
style.css,299,css,00000000,Not Committed Yet,2026-05-08,15:54:31,-07:00,2026-05-08T15:54:31-07:00,2,17
style.css,300,css,00000000,Not Committed Yet,2026-05-08,15:54:31,-07:00,2026-05-08T15:54:31-07:00,0,0
style.css,301,css,00000000,Not Committed Yet,2026-05-08,15:54:31,-07:00,2026-05-08T15:54:31-07:00,0,0
style.css,302,css,00000000,Not Committed Yet,2026-05-08,15:54:31,-07:00,2026-05-08T15:54:31-07:00,0,8
style.css,303,css,00000000,Not Committed Yet,2026-05-08,15:54:31,-07:00,2026-05-08T15:54:31-07:00,2,14
style.css,304,css,00000000,Not Committed Yet,2026-05-08,15:54:31,-07:00,2026-05-08T15:54:31-07:00,2,55
style.css,305,css,00000000,Not Committed Yet,2026-05-08,15:54:31,-07:00,2026-05-08T15:54:31-07:00,2,26
style.css,306,css,00000000,Not Committed Yet,2026-05-08,15:54:31,-07:00,2026-05-08T15:54:31-07:00,2,34
style.css,307,css,00000000,Not Committed Yet,2026-05-08,15:54:31,-07:00,2026-05-08T15:54:31-07:00,2,65
style.css,308,css,00000000,Not Committed Yet,2026-05-08,15:54:31,-07:00,2026-05-08T15:54:31-07:00,2,18
style.css,309,css,00000000,Not Committed Yet,2026-05-08,15:54:31,-07:00,2026-05-08T15:54:31-07:00,2,70
style.css,310,css,00000000,Not Committed Yet,2026-05-08,15:54:31,-07:00,2026-05-08T15:54:31-07:00,2,19
style.css,311,css,00000000,Not Committed Yet,2026-05-08,15:54:31,-07:00,2026-05-08T15:54:31-07:00,2,19
style.css,312,css,00000000,Not Committed Yet,2026-05-08,15:54:31,-07:00,2026-05-08T15:54:31-07:00,2,11
style.css,313,css,00000000,Not Committed Yet,2026-05-08,15:54:31,-07:00,2026-05-08T15:54:31-07:00,2,14
style.css,314,css,00000000,Not Committed Yet,2026-05-08,15:54:31,-07:00,2026-05-08T15:54:31-07:00,0,0
style.css,315,css,00000000,Not Committed Yet,2026-05-08,15:54:31,-07:00,2026-05-08T15:54:31-07:00,0,0
style.css,316,css,00000000,Not Committed Yet,2026-05-08,15:54:31,-07:00,2026-05-08T15:54:31-07:00,0,6
style.css,317,css,00000000,Not Committed Yet,2026-05-08,15:54:31,-07:00,2026-05-08T15:54:31-07:00,2,16
style.css,318,css,00000000,Not Committed Yet,2026-05-08,15:54:31,-07:00,2026-05-08T15:54:31-07:00,2,23
style.css,319,css,00000000,Not Committed Yet,2026-05-08,15:54:31,-07:00,2026-05-08T15:54:31-07:00,2,22
style.css,320,css,00000000,Not Committed Yet,2026-05-08,15:54:31,-07:00,2026-05-08T15:54:31-07:00,0,0
style.css,321,css,00000000,Not Committed Yet,2026-05-08,15:54:31,-07:00,2026-05-08T15:54:31-07:00,0,0
style.css,322,css,00000000,Not Committed Yet,2026-05-08,15:54:31,-07:00,2026-05-08T15:54:31-07:00,0,12
style.css,323,css,00000000,Not Committed Yet,2026-05-08,15:54:31,-07:00,2026-05-08T15:54:31-07:00,2,20
style.css,324,css,00000000,Not Committed Yet,2026-05-08,15:54:31,-07:00,2026-05-08T15:54:31-07:00,0,0
style.css,325,css,00000000,Not Committed Yet,2026-05-08,15:54:31,-07:00,2026-05-08T15:54:31-07:00,0,0
style.css,326,css,00000000,Not Committed Yet,2026-05-08,15:54:31,-07:00,2026-05-08T15:54:31-07:00,0,15
style.css,327,css,00000000,Not Committed Yet,2026-05-08,15:54:31,-07:00,2026-05-08T15:54:31-07:00,2,35
style.css,328,css,00000000,Not Committed Yet,2026-05-08,15:54:31,-07:00,2026-05-08T15:54:31-07:00,2,25
style.css,329,css,00000000,Not Committed Yet,2026-05-08,15:54:31,-07:00,2026-05-08T15:54:31-07:00,0,0
style.css,330,css,00000000,Not Committed Yet,2026-05-08,15:54:31,-07:00,2026-05-08T15:54:31-07:00,0,0
style.css,331,css,00000000,Not Committed Yet,2026-05-08,15:54:31,-07:00,2026-05-08T15:54:31-07:00,0,15
style.css,332,css,00000000,Not Committed Yet,2026-05-08,15:54:31,-07:00,2026-05-08T15:54:31-07:00,2,55
style.css,333,css,00000000,Not Committed Yet,2026-05-08,15:54:31,-07:00,2026-05-08T15:54:31-07:00,2,20
style.css,334,css,00000000,Not Committed Yet,2026-05-08,15:54:31,-07:00,2026-05-08T15:54:31-07:00,0,0
style.css,335,css,00000000,Not Committed Yet,2026-05-08,15:54:31,-07:00,2026-05-08T15:54:31-07:00,0,0
style.css,336,css,00000000,Not Committed Yet,2026-05-08,15:54:31,-07:00,2026-05-08T15:54:31-07:00,0,15
style.css,337,css,00000000,Not Committed Yet,2026-05-08,15:54:31,-07:00,2026-05-08T15:54:31-07:00,2,11
style.css,338,css,00000000,Not Committed Yet,2026-05-08,15:54:31,-07:00,2026-05-08T15:54:31-07:00,0,0
style.css,339,css,00000000,Not Committed Yet,2026-05-08,15:54:31,-07:00,2026-05-08T15:54:31-07:00,0,0
style.css,340,css,00000000,Not Committed Yet,2026-05-08,15:54:31,-07:00,2026-05-08T15:54:31-07:00,0,24
style.css,341,css,00000000,Not Committed Yet,2026-05-08,15:54:31,-07:00,2026-05-08T15:54:31-07:00,2,27
style.css,342,css,00000000,Not Committed Yet,2026-05-08,15:54:31,-07:00,2026-05-08T15:54:31-07:00,0,0
style.css,343,css,00000000,Not Committed Yet,2026-05-08,15:54:31,-07:00,2026-05-08T15:54:31-07:00,0,0
style.css,344,css,00000000,Not Committed Yet,2026-05-08,15:54:31,-07:00,2026-05-08T15:54:31-07:00,0,10
style.css,345,css,00000000,Not Committed Yet,2026-05-08,15:54:31,-07:00,2026-05-08T15:54:31-07:00,2,16
style.css,346,css,00000000,Not Committed Yet,2026-05-08,15:54:31,-07:00,2026-05-08T15:54:31-07:00,2,17
style.css,347,css,00000000,Not Committed Yet,2026-05-08,15:54:31,-07:00,2026-05-08T15:54:31-07:00,2,18
style.css,348,css,00000000,Not Committed Yet,2026-05-08,15:54:31,-07:00,2026-05-08T15:54:31-07:00,2,20
style.css,349,css,00000000,Not Committed Yet,2026-05-08,15:54:31,-07:00,2026-05-08T15:54:31-07:00,2,42
style.css,350,css,00000000,Not Committed Yet,2026-05-08,15:54:31,-07:00,2026-05-08T15:54:31-07:00,0,0
style.css,351,css,00000000,Not Committed Yet,2026-05-08,15:54:31,-07:00,2026-05-08T15:54:31-07:00,0,0
style.css,352,css,00000000,Not Committed Yet,2026-05-08,15:54:31,-07:00,2026-05-08T15:54:31-07:00,0,16
style.css,353,css,00000000,Not Committed Yet,2026-05-08,15:54:31,-07:00,2026-05-08T15:54:31-07:00,2,15
style.css,354,css,00000000,Not Committed Yet,2026-05-08,15:54:31,-07:00,2026-05-08T15:54:31-07:00,2,54
style.css,355,css,00000000,Not Committed Yet,2026-05-08,15:54:31,-07:00,2026-05-08T15:54:31-07:00,2,19
style.css,356,css,51662af7,Ethan Choi,2026-04-02,16:54:52,-07:00,2026-04-02T16:54:52-07:00,0,0
index.js,1,js,9b346cde,Ethan Choi,2026-04-23,16:04:11,-07:00,2026-04-23T16:04:11-07:00,0,71
index.js,2,js,9b346cde,Ethan Choi,2026-04-23,16:04:11,-07:00,2026-04-23T16:04:11-07:00,0,0
index.js,3,js,9b346cde,Ethan Choi,2026-04-23,16:04:11,-07:00,2026-04-23T16:04:11-07:00,0,41
index.js,4,js,9b346cde,Ethan Choi,2026-04-23,16:04:11,-07:00,2026-04-23T16:04:11-07:00,0,54
index.js,5,js,9b346cde,Ethan Choi,2026-04-23,16:04:11,-07:00,2026-04-23T16:04:11-07:00,0,42
index.js,6,js,9b346cde,Ethan Choi,2026-04-23,16:04:11,-07:00,2026-04-23T16:04:11-07:00,0,60
index.js,7,js,9b346cde,Ethan Choi,2026-04-23,16:04:11,-07:00,2026-04-23T16:04:11-07:00,0,0
index.js,8,js,9b346cde,Ethan Choi,2026-04-23,16:04:11,-07:00,2026-04-23T16:04:11-07:00,0,22
index.js,9,js,9b346cde,Ethan Choi,2026-04-23,16:04:11,-07:00,2026-04-23T16:04:11-07:00,2,54
index.js,10,js,9b346cde,Ethan Choi,2026-04-23,16:04:11,-07:00,2026-04-23T16:04:11-07:00,0,0
index.js,11,js,9b346cde,Ethan Choi,2026-04-23,16:04:11,-07:00,2026-04-23T16:04:11-07:00,0,0
index.js,12,js,9b346cde,Ethan Choi,2026-04-23,16:04:11,-07:00,2026-04-23T16:04:11-07:00,0,54
index.js,13,js,9b346cde,Ethan Choi,2026-04-23,16:04:11,-07:00,2026-04-23T16:04:11-07:00,0,42
index.js,14,js,9b346cde,Ethan Choi,2026-04-23,16:04:11,-07:00,2026-04-23T16:04:11-07:00,0,56
index.js,15,js,9b346cde,Ethan Choi,2026-04-23,16:04:11,-07:00,2026-04-23T16:04:11-07:00,0,60
index.js,16,js,9b346cde,Ethan Choi,2026-04-23,16:04:11,-07:00,2026-04-23T16:04:11-07:00,0,0
index.js,17,js,9b346cde,Ethan Choi,2026-04-23,16:04:11,-07:00,2026-04-23T16:04:11-07:00,0,26
index.js,18,js,9b346cde,Ethan Choi,2026-04-23,16:04:11,-07:00,2026-04-23T16:04:11-07:00,0,17
index.js,19,js,9b346cde,Ethan Choi,2026-04-23,16:04:11,-07:00,2026-04-23T16:04:11-07:00,2,24
index.js,20,js,9b346cde,Ethan Choi,2026-04-23,16:04:11,-07:00,2026-04-23T16:04:11-07:00,4,23
index.js,21,js,9b346cde,Ethan Choi,2026-04-23,16:04:11,-07:00,2026-04-23T16:04:11-07:00,6,54
index.js,22,js,9b346cde,Ethan Choi,2026-04-23,16:04:11,-07:00,2026-04-23T16:04:11-07:00,6,54
index.js,23,js,9b346cde,Ethan Choi,2026-04-23,16:04:11,-07:00,2026-04-23T16:04:11-07:00,6,48
index.js,24,js,9b346cde,Ethan Choi,2026-04-23,16:04:11,-07:00,2026-04-23T16:04:11-07:00,6,48
index.js,25,js,9b346cde,Ethan Choi,2026-04-23,16:04:11,-07:00,2026-04-23T16:04:11-07:00,4,3
index.js,26,js,9b346cde,Ethan Choi,2026-04-23,16:04:11,-07:00,2026-04-23T16:04:11-07:00,2,0
index.js,27,js,9b346cde,Ethan Choi,2026-04-23,16:04:11,-07:00,2026-04-23T16:04:11-07:00,0,0
index.html,1,html,bc03835d,Ethan Choi,2026-04-02,16:46:29,-07:00,2026-04-02T16:46:29-07:00,0,13
index.html,2,html,bc03835d,Ethan Choi,2026-04-02,16:46:29,-07:00,2026-04-02T16:46:29-07:00,0,14
index.html,3,html,bc03835d,Ethan Choi,2026-04-02,16:46:29,-07:00,2026-04-02T16:46:29-07:00,0,4
index.html,4,html,bc03835d,Ethan Choi,2026-04-02,16:46:29,-07:00,2026-04-02T16:46:29-07:00,2,20
index.html,5,html,bc03835d,Ethan Choi,2026-04-02,16:46:29,-07:00,2026-04-02T16:46:29-07:00,2,68
index.html,6,html,c0f5997d,Ethan Choi,2026-04-09,20:19:04,-07:00,2026-04-09T20:19:04-07:00,2,34
index.html,7,html,c0f5997d,Ethan Choi,2026-04-09,20:19:04,-07:00,2026-04-09T20:19:04-07:00,2,38
index.html,8,html,2fcab8fe,Ethan Choi,2026-04-23,16:09:35,-07:00,2026-04-23T16:09:35-07:00,2,50
index.html,9,html,bc03835d,Ethan Choi,2026-04-02,16:46:29,-07:00,2026-04-02T16:46:29-07:00,0,5
index.html,10,html,bc03835d,Ethan Choi,2026-04-02,16:46:29,-07:00,2026-04-02T16:46:29-07:00,0,4
index.html,11,html,c0f5997d,Ethan Choi,2026-04-09,20:19:04,-07:00,2026-04-09T20:19:04-07:00,0,0
index.html,12,html,9da30763,Ethan Choi,2026-04-09,20:24:20,-07:00,2026-04-09T20:24:20-07:00,2,16
index.html,13,html,9da30763,Ethan Choi,2026-04-09,20:24:20,-07:00,2026-04-09T20:24:20-07:00,4,61
index.html,14,html,9da30763,Ethan Choi,2026-04-09,20:24:20,-07:00,2026-04-09T20:24:20-07:00,4,21
index.html,15,html,9da30763,Ethan Choi,2026-04-09,20:24:20,-07:00,2026-04-09T20:24:20-07:00,6,17
index.html,16,html,9da30763,Ethan Choi,2026-04-09,20:24:20,-07:00,2026-04-09T20:24:20-07:00,6,51
index.html,17,html,9da30763,Ethan Choi,2026-04-09,20:24:20,-07:00,2026-04-09T20:24:20-07:00,6,15
index.html,18,html,9da30763,Ethan Choi,2026-04-09,20:24:20,-07:00,2026-04-09T20:24:20-07:00,8,53
index.html,19,html,9da30763,Ethan Choi,2026-04-09,20:24:20,-07:00,2026-04-09T20:24:20-07:00,8,83
index.html,20,html,9da30763,Ethan Choi,2026-04-09,20:24:20,-07:00,2026-04-09T20:24:20-07:00,8,67
index.html,21,html,9da30763,Ethan Choi,2026-04-09,20:24:20,-07:00,2026-04-09T20:24:20-07:00,6,2
index.html,22,html,9da30763,Ethan Choi,2026-04-09,20:24:20,-07:00,2026-04-09T20:24:20-07:00,4,4
index.html,23,html,9da30763,Ethan Choi,2026-04-09,20:24:20,-07:00,2026-04-09T20:24:20-07:00,2,4
index.html,24,html,c0f5997d,Ethan Choi,2026-04-09,20:19:04,-07:00,2026-04-09T20:19:04-07:00,0,0
index.html,25,html,c0f5997d,Ethan Choi,2026-04-09,20:19:04,-07:00,2026-04-09T20:19:04-07:00,2,1
index.html,26,html,4eef610e,Ethan Choi,2026-04-09,20:30:38,-07:00,2026-04-09T20:30:38-07:00,4,35
index.html,27,html,c0f5997d,Ethan Choi,2026-04-09,20:19:04,-07:00,2026-04-09T20:19:04-07:00,2,2
index.html,28,html,c0f5997d,Ethan Choi,2026-04-09,20:19:04,-07:00,2026-04-09T20:19:04-07:00,0,0
index.html,29,html,2fcab8fe,Ethan Choi,2026-04-23,16:09:35,-07:00,2026-04-23T16:09:35-07:00,2,22
index.html,30,html,2fcab8fe,Ethan Choi,2026-04-23,16:09:35,-07:00,2026-04-23T16:09:35-07:00,2,26
index.html,31,html,2fcab8fe,Ethan Choi,2026-04-23,16:09:35,-07:00,2026-04-23T16:09:35-07:00,0,0
index.html,32,html,2fcab8fe,Ethan Choi,2026-04-23,16:09:35,-07:00,2026-04-23T16:09:35-07:00,2,22
index.html,33,html,2fcab8fe,Ethan Choi,2026-04-23,16:09:35,-07:00,2026-04-23T16:09:35-07:00,2,28
index.html,34,html,2fcab8fe,Ethan Choi,2026-04-23,16:09:35,-07:00,2026-04-23T16:09:35-07:00,0,0
index.html,35,html,bc03835d,Ethan Choi,2026-04-02,16:46:29,-07:00,2026-04-02T16:46:29-07:00,0,5
index.html,36,html,bc03835d,Ethan Choi,2026-04-02,16:46:29,-07:00,2026-04-02T16:46:29-07:00,0,5
global.js,1,js,623f93d8,Ethan Choi,2026-04-16,16:54:38,-07:00,2026-04-16T16:54:38-07:00,0,25
global.js,2,js,623f93d8,Ethan Choi,2026-04-16,16:54:38,-07:00,2026-04-16T16:54:38-07:00,0,0
global.js,3,js,623f93d8,Ethan Choi,2026-04-16,16:54:38,-07:00,2026-04-16T16:54:38-07:00,0,48
global.js,4,js,623f93d8,Ethan Choi,2026-04-16,16:54:38,-07:00,2026-04-16T16:54:38-07:00,2,52
global.js,5,js,623f93d8,Ethan Choi,2026-04-16,16:54:38,-07:00,2026-04-16T16:54:38-07:00,0,0
global.js,6,js,623f93d8,Ethan Choi,2026-04-16,16:54:38,-07:00,2026-04-16T16:54:38-07:00,0,0
global.js,7,js,623f93d8,Ethan Choi,2026-04-16,16:54:38,-07:00,2026-04-16T16:54:38-07:00,0,11
global.js,8,js,623f93d8,Ethan Choi,2026-04-16,16:54:38,-07:00,2026-04-16T16:54:38-07:00,2,25
global.js,9,js,623f93d8,Ethan Choi,2026-04-16,16:54:38,-07:00,2026-04-16T16:54:38-07:00,2,38
global.js,10,js,623f93d8,Ethan Choi,2026-04-16,16:54:38,-07:00,2026-04-16T16:54:38-07:00,2,36
global.js,11,js,623f93d8,Ethan Choi,2026-04-16,16:54:38,-07:00,2026-04-16T16:54:38-07:00,2,34
global.js,12,js,00000000,Not Committed Yet,2026-05-08,15:54:31,-07:00,2026-05-08T15:54:31-07:00,2,30
global.js,13,js,623f93d8,Ethan Choi,2026-04-16,16:54:38,-07:00,2026-04-16T16:54:38-07:00,2,58
global.js,14,js,623f93d8,Ethan Choi,2026-04-16,16:54:38,-07:00,2026-04-16T16:54:38-07:00,0,0
global.js,15,js,623f93d8,Ethan Choi,2026-04-16,16:54:38,-07:00,2026-04-16T16:54:38-07:00,0,0
global.js,16,js,623f93d8,Ethan Choi,2026-04-16,16:54:38,-07:00,2026-04-16T16:54:38-07:00,0,38
global.js,17,js,623f93d8,Ethan Choi,2026-04-16,16:54:38,-07:00,2026-04-16T16:54:38-07:00,0,25
global.js,18,js,623f93d8,Ethan Choi,2026-04-16,16:54:38,-07:00,2026-04-16T16:54:38-07:00,0,0
global.js,19,js,623f93d8,Ethan Choi,2026-04-16,16:54:38,-07:00,2026-04-16T16:54:38-07:00,0,111
global.js,20,js,623f93d8,Ethan Choi,2026-04-16,16:54:38,-07:00,2026-04-16T16:54:38-07:00,0,0
global.js,21,js,623f93d8,Ethan Choi,2026-04-16,16:54:38,-07:00,2026-04-16T16:54:38-07:00,0,20
global.js,22,js,623f93d8,Ethan Choi,2026-04-16,16:54:38,-07:00,2026-04-16T16:54:38-07:00,2,14
global.js,23,js,623f93d8,Ethan Choi,2026-04-16,16:54:38,-07:00,2026-04-16T16:54:38-07:00,2,52
global.js,24,js,623f93d8,Ethan Choi,2026-04-16,16:54:38,-07:00,2026-04-16T16:54:38-07:00,0,0
global.js,25,js,623f93d8,Ethan Choi,2026-04-16,16:54:38,-07:00,2026-04-16T16:54:38-07:00,2,34
global.js,26,js,623f93d8,Ethan Choi,2026-04-16,16:54:38,-07:00,2026-04-16T16:54:38-07:00,2,11
global.js,27,js,623f93d8,Ethan Choi,2026-04-16,16:54:38,-07:00,2026-04-16T16:54:38-07:00,2,22
global.js,28,js,623f93d8,Ethan Choi,2026-04-16,16:54:38,-07:00,2026-04-16T16:54:38-07:00,0,0
global.js,29,js,623f93d8,Ethan Choi,2026-04-16,16:54:38,-07:00,2026-04-16T16:54:38-07:00,2,90
global.js,30,js,623f93d8,Ethan Choi,2026-04-16,16:54:38,-07:00,2026-04-16T16:54:38-07:00,2,48
global.js,31,js,623f93d8,Ethan Choi,2026-04-16,16:54:38,-07:00,2026-04-16T16:54:38-07:00,0,0
global.js,32,js,623f93d8,Ethan Choi,2026-04-16,16:54:38,-07:00,2026-04-16T16:54:38-07:00,2,12
global.js,33,js,623f93d8,Ethan Choi,2026-04-16,16:54:38,-07:00,2026-04-16T16:54:38-07:00,0,0
global.js,34,js,623f93d8,Ethan Choi,2026-04-16,16:54:38,-07:00,2026-04-16T16:54:38-07:00,0,0
global.js,35,js,623f93d8,Ethan Choi,2026-04-16,16:54:38,-07:00,2026-04-16T16:54:38-07:00,0,46
global.js,36,js,623f93d8,Ethan Choi,2026-04-16,16:54:38,-07:00,2026-04-16T16:54:38-07:00,2,26
global.js,37,js,623f93d8,Ethan Choi,2026-04-16,16:54:38,-07:00,2026-04-16T16:54:38-07:00,4,4
global.js,38,js,623f93d8,Ethan Choi,2026-04-16,16:54:38,-07:00,2026-04-16T16:54:38-07:00,4,24
global.js,39,js,623f93d8,Ethan Choi,2026-04-16,16:54:38,-07:00,2026-04-16T16:54:38-07:00,6,43
global.js,40,js,623f93d8,Ethan Choi,2026-04-16,16:54:38,-07:00,2026-04-16T16:54:38-07:00,6,34
global.js,41,js,623f93d8,Ethan Choi,2026-04-16,16:54:38,-07:00,2026-04-16T16:54:38-07:00,6,32
global.js,42,js,623f93d8,Ethan Choi,2026-04-16,16:54:38,-07:00,2026-04-16T16:54:38-07:00,4,7
global.js,43,js,623f93d8,Ethan Choi,2026-04-16,16:54:38,-07:00,2026-04-16T16:54:38-07:00,2,9
global.js,44,js,623f93d8,Ethan Choi,2026-04-16,16:54:38,-07:00,2026-04-16T16:54:38-07:00,0,0
global.js,45,js,623f93d8,Ethan Choi,2026-04-16,16:54:38,-07:00,2026-04-16T16:54:38-07:00,0,53
global.js,46,js,623f93d8,Ethan Choi,2026-04-16,16:54:38,-07:00,2026-04-16T16:54:38-07:00,0,0
global.js,47,js,623f93d8,Ethan Choi,2026-04-16,16:54:38,-07:00,2026-04-16T16:54:38-07:00,0,30
global.js,48,js,623f93d8,Ethan Choi,2026-04-16,16:54:38,-07:00,2026-04-16T16:54:38-07:00,2,64
global.js,49,js,623f93d8,Ethan Choi,2026-04-16,16:54:38,-07:00,2026-04-16T16:54:38-07:00,2,19
global.js,50,js,00000000,Not Committed Yet,2026-05-08,15:54:31,-07:00,2026-05-08T15:54:31-07:00,2,31
global.js,51,js,623f93d8,Ethan Choi,2026-04-16,16:54:38,-07:00,2026-04-16T16:54:38-07:00,0,0
global.js,52,js,623f93d8,Ethan Choi,2026-04-16,16:54:38,-07:00,2026-04-16T16:54:38-07:00,0,0
global.js,53,js,623f93d8,Ethan Choi,2026-04-16,16:54:38,-07:00,2026-04-16T16:54:38-07:00,0,34
global.js,54,js,623f93d8,Ethan Choi,2026-04-16,16:54:38,-07:00,2026-04-16T16:54:38-07:00,2,39
global.js,55,js,623f93d8,Ethan Choi,2026-04-16,16:54:38,-07:00,2026-04-16T16:54:38-07:00,0,0
global.js,56,js,623f93d8,Ethan Choi,2026-04-16,16:54:38,-07:00,2026-04-16T16:54:38-07:00,0,0
global.js,57,js,623f93d8,Ethan Choi,2026-04-16,16:54:38,-07:00,2026-04-16T16:54:38-07:00,0,70
global.js,58,js,623f93d8,Ethan Choi,2026-04-16,16:54:38,-07:00,2026-04-16T16:54:38-07:00,0,0
global.js,59,js,623f93d8,Ethan Choi,2026-04-16,16:54:38,-07:00,2026-04-16T16:54:38-07:00,0,40
global.js,60,js,623f93d8,Ethan Choi,2026-04-16,16:54:38,-07:00,2026-04-16T16:54:38-07:00,0,39
global.js,61,js,623f93d8,Ethan Choi,2026-04-16,16:54:38,-07:00,2026-04-16T16:54:38-07:00,2,17
global.js,62,js,623f93d8,Ethan Choi,2026-04-16,16:54:38,-07:00,2026-04-16T16:54:38-07:00,2,28
global.js,63,js,623f93d8,Ethan Choi,2026-04-16,16:54:38,-07:00,2026-04-16T16:54:38-07:00,2,26
global.js,64,js,623f93d8,Ethan Choi,2026-04-16,16:54:38,-07:00,2026-04-16T16:54:38-07:00,2,31
global.js,65,js,623f93d8,Ethan Choi,2026-04-16,16:54:38,-07:00,2026-04-16T16:54:38-07:00,4,45
global.js,66,js,623f93d8,Ethan Choi,2026-04-16,16:54:38,-07:00,2026-04-16T16:54:38-07:00,2,0
global.js,67,js,623f93d8,Ethan Choi,2026-04-16,16:54:38,-07:00,2026-04-16T16:54:38-07:00,2,18
global.js,68,js,9b346cde,Ethan Choi,2026-04-23,16:04:11,-07:00,2026-04-23T16:04:11-07:00,0,1
global.js,69,js,9b346cde,Ethan Choi,2026-04-23,16:04:11,-07:00,2026-04-23T16:04:11-07:00,0,0
global.js,70,js,9b346cde,Ethan Choi,2026-04-23,16:04:11,-07:00,2026-04-23T16:04:11-07:00,0,36
global.js,71,js,9b346cde,Ethan Choi,2026-04-23,16:04:11,-07:00,2026-04-23T16:04:11-07:00,2,3
global.js,72,js,9b346cde,Ethan Choi,2026-04-23,16:04:11,-07:00,2026-04-23T16:04:11-07:00,4,32
global.js,73,js,9b346cde,Ethan Choi,2026-04-23,16:04:11,-07:00,2026-04-23T16:04:11-07:00,4,17
global.js,74,js,9b346cde,Ethan Choi,2026-04-23,16:04:11,-07:00,2026-04-23T16:04:11-07:00,6,66
global.js,75,js,9b346cde,Ethan Choi,2026-04-23,16:04:11,-07:00,2026-04-23T16:04:11-07:00,4,0
global.js,76,js,9b346cde,Ethan Choi,2026-04-23,16:04:11,-07:00,2026-04-23T16:04:11-07:00,4,33
global.js,77,js,9b346cde,Ethan Choi,2026-04-23,16:04:11,-07:00,2026-04-23T16:04:11-07:00,4,10
global.js,78,js,9b346cde,Ethan Choi,2026-04-23,16:04:11,-07:00,2026-04-23T16:04:11-07:00,2,15
global.js,79,js,9b346cde,Ethan Choi,2026-04-23,16:04:11,-07:00,2026-04-23T16:04:11-07:00,4,59
global.js,80,js,9b346cde,Ethan Choi,2026-04-23,16:04:11,-07:00,2026-04-23T16:04:11-07:00,2,0
global.js,81,js,9b346cde,Ethan Choi,2026-04-23,16:04:11,-07:00,2026-04-23T16:04:11-07:00,0,0
global.js,82,js,9b346cde,Ethan Choi,2026-04-23,16:04:11,-07:00,2026-04-23T16:04:11-07:00,0,0
global.js,83,js,9b346cde,Ethan Choi,2026-04-23,16:04:11,-07:00,2026-04-23T16:04:11-07:00,0,78
global.js,84,js,9b346cde,Ethan Choi,2026-04-23,16:04:11,-07:00,2026-04-23T16:04:11-07:00,2,28
global.js,85,js,00000000,Not Committed Yet,2026-05-08,15:54:31,-07:00,2026-05-08T15:54:31-07:00,2,30
global.js,86,js,00000000,Not Committed Yet,2026-05-08,15:54:31,-07:00,2026-05-08T15:54:31-07:00,0,0
global.js,87,js,9b346cde,Ethan Choi,2026-04-23,16:04:11,-07:00,2026-04-23T16:04:11-07:00,2,22
global.js,88,js,9b346cde,Ethan Choi,2026-04-23,16:04:11,-07:00,2026-04-23T16:04:11-07:00,4,48
global.js,89,js,9b346cde,Ethan Choi,2026-04-23,16:04:11,-07:00,2026-04-23T16:04:11-07:00,4,19
global.js,90,js,9b346cde,Ethan Choi,2026-04-23,16:04:11,-07:00,2026-04-23T16:04:11-07:00,6,43
global.js,91,js,9b346cde,Ethan Choi,2026-04-23,16:04:11,-07:00,2026-04-23T16:04:11-07:00,6,37
global.js,92,js,9b346cde,Ethan Choi,2026-04-23,16:04:11,-07:00,2026-04-23T16:04:11-07:00,6,21
global.js,93,js,82c2c632,Ethan Choi,2026-04-30,14:07:42,-07:00,2026-04-30T14:07:42-07:00,6,133
global.js,94,js,9b346cde,Ethan Choi,2026-04-23,16:04:11,-07:00,2026-04-23T16:04:11-07:00,4,0
global.js,95,js,9b346cde,Ethan Choi,2026-04-23,16:04:11,-07:00,2026-04-23T16:04:11-07:00,4,36
global.js,96,js,9b346cde,Ethan Choi,2026-04-23,16:04:11,-07:00,2026-04-23T16:04:11-07:00,2,0
global.js,97,js,9b346cde,Ethan Choi,2026-04-23,16:04:11,-07:00,2026-04-23T16:04:11-07:00,0,0
global.js,98,js,9b346cde,Ethan Choi,2026-04-23,16:04:11,-07:00,2026-04-23T16:04:11-07:00,0,0
global.js,99,js,9b346cde,Ethan Choi,2026-04-23,16:04:11,-07:00,2026-04-23T16:04:11-07:00,0,47
global.js,100,js,9b346cde,Ethan Choi,2026-04-23,16:04:11,-07:00,2026-04-23T16:04:11-07:00,2,59
global.js,101,js,9b346cde,Ethan Choi,2026-04-23,16:04:11,-07:00,2026-04-23T16:04:11-07:00,0,0
resume/index.html,1,html,a2d834f0,Ethan Choi,2026-04-02,17:03:29,-07:00,2026-04-02T17:03:29-07:00,0,13
resume/index.html,2,html,a2d834f0,Ethan Choi,2026-04-02,17:03:29,-07:00,2026-04-02T17:03:29-07:00,0,14
resume/index.html,3,html,a2d834f0,Ethan Choi,2026-04-02,17:03:29,-07:00,2026-04-02T17:03:29-07:00,0,4
resume/index.html,4,html,a2d834f0,Ethan Choi,2026-04-02,17:03:29,-07:00,2026-04-02T17:03:29-07:00,2,20
resume/index.html,5,html,a2d834f0,Ethan Choi,2026-04-02,17:03:29,-07:00,2026-04-02T17:03:29-07:00,2,68
resume/index.html,6,html,a2d834f0,Ethan Choi,2026-04-02,17:03:29,-07:00,2026-04-02T17:03:29-07:00,2,31
resume/index.html,7,html,a2d834f0,Ethan Choi,2026-04-02,17:03:29,-07:00,2026-04-02T17:03:29-07:00,2,41
resume/index.html,8,html,623f93d8,Ethan Choi,2026-04-16,16:54:38,-07:00,2026-04-16T16:54:38-07:00,2,48
resume/index.html,9,html,a2d834f0,Ethan Choi,2026-04-02,17:03:29,-07:00,2026-04-02T17:03:29-07:00,0,5
resume/index.html,10,html,a2d834f0,Ethan Choi,2026-04-02,17:03:29,-07:00,2026-04-02T17:03:29-07:00,0,4
resume/index.html,11,html,17312765,Ethan Choi,2026-04-09,20:18:19,-07:00,2026-04-09T20:18:19-07:00,0,0
resume/index.html,12,html,a2d834f0,Ethan Choi,2026-04-02,17:03:29,-07:00,2026-04-02T17:03:29-07:00,2,17
resume/index.html,13,html,a2d834f0,Ethan Choi,2026-04-02,17:03:29,-07:00,2026-04-02T17:03:29-07:00,2,1
resume/index.html,14,html,17312765,Ethan Choi,2026-04-09,20:18:19,-07:00,2026-04-09T20:18:19-07:00,4,60
resume/index.html,15,html,17312765,Ethan Choi,2026-04-09,20:18:19,-07:00,2026-04-09T20:18:19-07:00,4,76
resume/index.html,16,html,17312765,Ethan Choi,2026-04-09,20:18:19,-07:00,2026-04-09T20:18:19-07:00,4,67
resume/index.html,17,html,a2d834f0,Ethan Choi,2026-04-02,17:03:29,-07:00,2026-04-02T17:03:29-07:00,2,2
resume/index.html,18,html,a2d834f0,Ethan Choi,2026-04-02,17:03:29,-07:00,2026-04-02T17:03:29-07:00,0,0
resume/index.html,19,html,17312765,Ethan Choi,2026-04-09,20:18:19,-07:00,2026-04-09T20:18:19-07:00,2,30
resume/index.html,20,html,17312765,Ethan Choi,2026-04-09,20:18:19,-07:00,2026-04-09T20:18:19-07:00,4,16
resume/index.html,21,html,17312765,Ethan Choi,2026-04-09,20:18:19,-07:00,2026-04-09T20:18:19-07:00,4,23
resume/index.html,22,html,17312765,Ethan Choi,2026-04-09,20:18:19,-07:00,2026-04-09T20:18:19-07:00,6,42
resume/index.html,23,html,17312765,Ethan Choi,2026-04-09,20:18:19,-07:00,2026-04-09T20:18:19-07:00,6,74
resume/index.html,24,html,17312765,Ethan Choi,2026-04-09,20:18:19,-07:00,2026-04-09T20:18:19-07:00,4,4
resume/index.html,25,html,a2d834f0,Ethan Choi,2026-04-02,17:03:29,-07:00,2026-04-02T17:03:29-07:00,2,8
resume/index.html,26,html,a2d834f0,Ethan Choi,2026-04-02,17:03:29,-07:00,2026-04-02T17:03:29-07:00,0,0
resume/index.html,27,html,17312765,Ethan Choi,2026-04-09,20:18:19,-07:00,2026-04-09T20:18:19-07:00,2,30
resume/index.html,28,html,17312765,Ethan Choi,2026-04-09,20:18:19,-07:00,2026-04-09T20:18:19-07:00,4,23
resume/index.html,29,html,17312765,Ethan Choi,2026-04-09,20:18:19,-07:00,2026-04-09T20:18:19-07:00,4,23
resume/index.html,30,html,17312765,Ethan Choi,2026-04-09,20:18:19,-07:00,2026-04-09T20:18:19-07:00,6,57
resume/index.html,31,html,17312765,Ethan Choi,2026-04-09,20:18:19,-07:00,2026-04-09T20:18:19-07:00,6,110
resume/index.html,32,html,17312765,Ethan Choi,2026-04-09,20:18:19,-07:00,2026-04-09T20:18:19-07:00,6,93
resume/index.html,33,html,17312765,Ethan Choi,2026-04-09,20:18:19,-07:00,2026-04-09T20:18:19-07:00,6,103
resume/index.html,34,html,17312765,Ethan Choi,2026-04-09,20:18:19,-07:00,2026-04-09T20:18:19-07:00,6,106
resume/index.html,35,html,17312765,Ethan Choi,2026-04-09,20:18:19,-07:00,2026-04-09T20:18:19-07:00,4,4
resume/index.html,36,html,a2d834f0,Ethan Choi,2026-04-02,17:03:29,-07:00,2026-04-02T17:03:29-07:00,2,8
resume/index.html,37,html,a2d834f0,Ethan Choi,2026-04-02,17:03:29,-07:00,2026-04-02T17:03:29-07:00,0,0
resume/index.html,38,html,17312765,Ethan Choi,2026-04-09,20:18:19,-07:00,2026-04-09T20:18:19-07:00,2,30
resume/index.html,39,html,17312765,Ethan Choi,2026-04-09,20:18:19,-07:00,2026-04-09T20:18:19-07:00,4,17
resume/index.html,40,html,17312765,Ethan Choi,2026-04-09,20:18:19,-07:00,2026-04-09T20:18:19-07:00,4,23
resume/index.html,41,html,17312765,Ethan Choi,2026-04-09,20:18:19,-07:00,2026-04-09T20:18:19-07:00,6,45
resume/index.html,42,html,17312765,Ethan Choi,2026-04-09,20:18:19,-07:00,2026-04-09T20:18:19-07:00,6,66
resume/index.html,43,html,17312765,Ethan Choi,2026-04-09,20:18:19,-07:00,2026-04-09T20:18:19-07:00,6,48
resume/index.html,44,html,17312765,Ethan Choi,2026-04-09,20:18:19,-07:00,2026-04-09T20:18:19-07:00,6,2
resume/index.html,45,html,17312765,Ethan Choi,2026-04-09,20:18:19,-07:00,2026-04-09T20:18:19-07:00,8,162
resume/index.html,46,html,17312765,Ethan Choi,2026-04-09,20:18:19,-07:00,2026-04-09T20:18:19-07:00,8,138
resume/index.html,47,html,17312765,Ethan Choi,2026-04-09,20:18:19,-07:00,2026-04-09T20:18:19-07:00,8,102
resume/index.html,48,html,17312765,Ethan Choi,2026-04-09,20:18:19,-07:00,2026-04-09T20:18:19-07:00,6,3
resume/index.html,49,html,17312765,Ethan Choi,2026-04-09,20:18:19,-07:00,2026-04-09T20:18:19-07:00,4,4
resume/index.html,50,html,a2d834f0,Ethan Choi,2026-04-02,17:03:29,-07:00,2026-04-02T17:03:29-07:00,0,0
resume/index.html,51,html,17312765,Ethan Choi,2026-04-09,20:18:19,-07:00,2026-04-09T20:18:19-07:00,4,23
resume/index.html,52,html,17312765,Ethan Choi,2026-04-09,20:18:19,-07:00,2026-04-09T20:18:19-07:00,6,26
resume/index.html,53,html,17312765,Ethan Choi,2026-04-09,20:18:19,-07:00,2026-04-09T20:18:19-07:00,6,59
resume/index.html,54,html,17312765,Ethan Choi,2026-04-09,20:18:19,-07:00,2026-04-09T20:18:19-07:00,6,45
resume/index.html,55,html,17312765,Ethan Choi,2026-04-09,20:18:19,-07:00,2026-04-09T20:18:19-07:00,6,2
resume/index.html,56,html,17312765,Ethan Choi,2026-04-09,20:18:19,-07:00,2026-04-09T20:18:19-07:00,8,127
resume/index.html,57,html,17312765,Ethan Choi,2026-04-09,20:18:19,-07:00,2026-04-09T20:18:19-07:00,8,122
resume/index.html,58,html,17312765,Ethan Choi,2026-04-09,20:18:19,-07:00,2026-04-09T20:18:19-07:00,8,106
resume/index.html,59,html,17312765,Ethan Choi,2026-04-09,20:18:19,-07:00,2026-04-09T20:18:19-07:00,6,3
resume/index.html,60,html,17312765,Ethan Choi,2026-04-09,20:18:19,-07:00,2026-04-09T20:18:19-07:00,4,4
resume/index.html,61,html,a2d834f0,Ethan Choi,2026-04-02,17:03:29,-07:00,2026-04-02T17:03:29-07:00,0,0
resume/index.html,62,html,17312765,Ethan Choi,2026-04-09,20:18:19,-07:00,2026-04-09T20:18:19-07:00,4,23
resume/index.html,63,html,17312765,Ethan Choi,2026-04-09,20:18:19,-07:00,2026-04-09T20:18:19-07:00,6,26
resume/index.html,64,html,17312765,Ethan Choi,2026-04-09,20:18:19,-07:00,2026-04-09T20:18:19-07:00,6,21
resume/index.html,65,html,17312765,Ethan Choi,2026-04-09,20:18:19,-07:00,2026-04-09T20:18:19-07:00,6,74
resume/index.html,66,html,17312765,Ethan Choi,2026-04-09,20:18:19,-07:00,2026-04-09T20:18:19-07:00,6,2
resume/index.html,67,html,17312765,Ethan Choi,2026-04-09,20:18:19,-07:00,2026-04-09T20:18:19-07:00,8,132
resume/index.html,68,html,17312765,Ethan Choi,2026-04-09,20:18:19,-07:00,2026-04-09T20:18:19-07:00,8,128
resume/index.html,69,html,17312765,Ethan Choi,2026-04-09,20:18:19,-07:00,2026-04-09T20:18:19-07:00,6,3
resume/index.html,70,html,17312765,Ethan Choi,2026-04-09,20:18:19,-07:00,2026-04-09T20:18:19-07:00,4,4
resume/index.html,71,html,a2d834f0,Ethan Choi,2026-04-02,17:03:29,-07:00,2026-04-02T17:03:29-07:00,0,0
resume/index.html,72,html,17312765,Ethan Choi,2026-04-09,20:18:19,-07:00,2026-04-09T20:18:19-07:00,4,23
resume/index.html,73,html,17312765,Ethan Choi,2026-04-09,20:18:19,-07:00,2026-04-09T20:18:19-07:00,6,73
resume/index.html,74,html,17312765,Ethan Choi,2026-04-09,20:18:19,-07:00,2026-04-09T20:18:19-07:00,6,48
resume/index.html,75,html,17312765,Ethan Choi,2026-04-09,20:18:19,-07:00,2026-04-09T20:18:19-07:00,6,2
resume/index.html,76,html,17312765,Ethan Choi,2026-04-09,20:18:19,-07:00,2026-04-09T20:18:19-07:00,8,138
resume/index.html,77,html,17312765,Ethan Choi,2026-04-09,20:18:19,-07:00,2026-04-09T20:18:19-07:00,8,122
resume/index.html,78,html,17312765,Ethan Choi,2026-04-09,20:18:19,-07:00,2026-04-09T20:18:19-07:00,6,3
resume/index.html,79,html,17312765,Ethan Choi,2026-04-09,20:18:19,-07:00,2026-04-09T20:18:19-07:00,4,4
resume/index.html,80,html,a2d834f0,Ethan Choi,2026-04-02,17:03:29,-07:00,2026-04-02T17:03:29-07:00,2,8
resume/index.html,81,html,a2d834f0,Ethan Choi,2026-04-02,17:03:29,-07:00,2026-04-02T17:03:29-07:00,0,0
resume/index.html,82,html,17312765,Ethan Choi,2026-04-09,20:18:19,-07:00,2026-04-09T20:18:19-07:00,2,30
resume/index.html,83,html,17312765,Ethan Choi,2026-04-09,20:18:19,-07:00,2026-04-09T20:18:19-07:00,4,15
resume/index.html,84,html,17312765,Ethan Choi,2026-04-09,20:18:19,-07:00,2026-04-09T20:18:19-07:00,4,23
resume/index.html,85,html,17312765,Ethan Choi,2026-04-09,20:18:19,-07:00,2026-04-09T20:18:19-07:00,6,47
resume/index.html,86,html,17312765,Ethan Choi,2026-04-09,20:18:19,-07:00,2026-04-09T20:18:19-07:00,6,72
resume/index.html,87,html,17312765,Ethan Choi,2026-04-09,20:18:19,-07:00,2026-04-09T20:18:19-07:00,6,2
resume/index.html,88,html,17312765,Ethan Choi,2026-04-09,20:18:19,-07:00,2026-04-09T20:18:19-07:00,8,170
resume/index.html,89,html,17312765,Ethan Choi,2026-04-09,20:18:19,-07:00,2026-04-09T20:18:19-07:00,8,139
resume/index.html,90,html,17312765,Ethan Choi,2026-04-09,20:18:19,-07:00,2026-04-09T20:18:19-07:00,8,109
resume/index.html,91,html,17312765,Ethan Choi,2026-04-09,20:18:19,-07:00,2026-04-09T20:18:19-07:00,6,3
resume/index.html,92,html,17312765,Ethan Choi,2026-04-09,20:18:19,-07:00,2026-04-09T20:18:19-07:00,4,4
resume/index.html,93,html,a2d834f0,Ethan Choi,2026-04-02,17:03:29,-07:00,2026-04-02T17:03:29-07:00,2,8
resume/index.html,94,html,a2d834f0,Ethan Choi,2026-04-02,17:03:29,-07:00,2026-04-02T17:03:29-07:00,0,0
resume/index.html,95,html,a2d834f0,Ethan Choi,2026-04-02,17:03:29,-07:00,2026-04-02T17:03:29-07:00,0,5
resume/index.html,96,html,a2d834f0,Ethan Choi,2026-04-02,17:03:29,-07:00,2026-04-02T17:03:29-07:00,0,5
projects/projects.js,1,js,9b346cde,Ethan Choi,2026-04-23,16:04:11,-07:00,2026-04-23T16:04:11-07:00,0,55
projects/projects.js,2,js,e89f94c0,Ethan Choi,2026-04-30,14:22:29,-07:00,2026-04-30T14:22:29-07:00,0,63
projects/projects.js,3,js,9b346cde,Ethan Choi,2026-04-23,16:04:11,-07:00,2026-04-23T16:04:11-07:00,0,0
projects/projects.js,4,js,9b346cde,Ethan Choi,2026-04-23,16:04:11,-07:00,2026-04-23T16:04:11-07:00,0,55
projects/projects.js,5,js,9b346cde,Ethan Choi,2026-04-23,16:04:11,-07:00,2026-04-23T16:04:11-07:00,0,60
projects/projects.js,6,js,82c2c632,Ethan Choi,2026-04-30,14:07:42,-07:00,2026-04-30T14:07:42-07:00,0,55
projects/projects.js,7,js,9b346cde,Ethan Choi,2026-04-23,16:04:11,-07:00,2026-04-23T16:04:11-07:00,0,0
projects/projects.js,8,js,e89f94c0,Ethan Choi,2026-04-30,14:22:29,-07:00,2026-04-30T14:22:29-07:00,0,13
projects/projects.js,9,js,e89f94c0,Ethan Choi,2026-04-30,14:22:29,-07:00,2026-04-30T14:22:29-07:00,0,21
projects/projects.js,10,js,e89f94c0,Ethan Choi,2026-04-30,14:22:29,-07:00,2026-04-30T14:22:29-07:00,0,47
projects/projects.js,11,js,82c2c632,Ethan Choi,2026-04-30,14:07:42,-07:00,2026-04-30T14:07:42-07:00,0,0
projects/projects.js,12,js,348e4b74,Ethan Choi,2026-04-30,14:52:38,-07:00,2026-04-30T14:52:38-07:00,0,60
projects/projects.js,13,js,348e4b74,Ethan Choi,2026-04-30,14:52:38,-07:00,2026-04-30T14:52:38-07:00,0,27
projects/projects.js,14,js,348e4b74,Ethan Choi,2026-04-30,14:52:38,-07:00,2026-04-30T14:52:38-07:00,2,15
projects/projects.js,15,js,348e4b74,Ethan Choi,2026-04-30,14:52:38,-07:00,2026-04-30T14:52:38-07:00,2,17
projects/projects.js,16,js,348e4b74,Ethan Choi,2026-04-30,14:52:38,-07:00,2026-04-30T14:52:38-07:00,2,0
projects/projects.js,17,js,82c2c632,Ethan Choi,2026-04-30,14:07:42,-07:00,2026-04-30T14:07:42-07:00,2,43
projects/projects.js,18,js,e89f94c0,Ethan Choi,2026-04-30,14:22:29,-07:00,2026-04-30T14:22:29-07:00,4,59
projects/projects.js,19,js,e89f94c0,Ethan Choi,2026-04-30,14:22:29,-07:00,2026-04-30T14:22:29-07:00,4,42
projects/projects.js,20,js,82c2c632,Ethan Choi,2026-04-30,14:07:42,-07:00,2026-04-30T14:07:42-07:00,2,1
projects/projects.js,21,js,82c2c632,Ethan Choi,2026-04-30,14:07:42,-07:00,2026-04-30T14:07:42-07:00,0,0
projects/projects.js,22,js,e89f94c0,Ethan Choi,2026-04-30,14:22:29,-07:00,2026-04-30T14:22:29-07:00,2,23
projects/projects.js,23,js,e89f94c0,Ethan Choi,2026-04-30,14:22:29,-07:00,2026-04-30T14:22:29-07:00,2,48
projects/projects.js,24,js,9b346cde,Ethan Choi,2026-04-23,16:04:11,-07:00,2026-04-23T16:04:11-07:00,2,0
projects/projects.js,25,js,9b346cde,Ethan Choi,2026-04-23,16:04:11,-07:00,2026-04-23T16:04:11-07:00,2,61
projects/projects.js,26,js,9b346cde,Ethan Choi,2026-04-23,16:04:11,-07:00,2026-04-23T16:04:11-07:00,2,17
projects/projects.js,27,js,82c2c632,Ethan Choi,2026-04-30,14:07:42,-07:00,2026-04-30T14:07:42-07:00,4,55
projects/projects.js,28,js,9b346cde,Ethan Choi,2026-04-23,16:04:11,-07:00,2026-04-23T16:04:11-07:00,2,0
projects/projects.js,29,js,82c2c632,Ethan Choi,2026-04-30,14:07:42,-07:00,2026-04-30T14:07:42-07:00,0,0
projects/projects.js,30,js,82c2c632,Ethan Choi,2026-04-30,14:07:42,-07:00,2026-04-30T14:07:42-07:00,0,0
projects/projects.js,31,js,348e4b74,Ethan Choi,2026-04-30,14:52:38,-07:00,2026-04-30T14:52:38-07:00,0,73
projects/projects.js,32,js,82c2c632,Ethan Choi,2026-04-30,14:07:42,-07:00,2026-04-30T14:07:42-07:00,0,38
projects/projects.js,33,js,e89f94c0,Ethan Choi,2026-04-30,14:22:29,-07:00,2026-04-30T14:22:29-07:00,2,28
projects/projects.js,34,js,e89f94c0,Ethan Choi,2026-04-30,14:22:29,-07:00,2026-04-30T14:22:29-07:00,2,32
projects/projects.js,35,js,e89f94c0,Ethan Choi,2026-04-30,14:22:29,-07:00,2026-04-30T14:22:29-07:00,2,32
projects/projects.js,36,js,82c2c632,Ethan Choi,2026-04-30,14:07:42,-07:00,2026-04-30T14:07:42-07:00,2,30
projects/projects.js,37,js,82c2c632,Ethan Choi,2026-04-30,14:07:42,-07:00,2026-04-30T14:07:42-07:00,0,0
projects/projects.js,38,js,e89f94c0,Ethan Choi,2026-04-30,14:22:29,-07:00,2026-04-30T14:22:29-07:00,2,29
projects/projects.js,39,js,82c2c632,Ethan Choi,2026-04-30,14:07:42,-07:00,2026-04-30T14:07:42-07:00,4,12
projects/projects.js,40,js,82c2c632,Ethan Choi,2026-04-30,14:07:42,-07:00,2026-04-30T14:07:42-07:00,4,14
projects/projects.js,41,js,82c2c632,Ethan Choi,2026-04-30,14:07:42,-07:00,2026-04-30T14:07:42-07:00,4,11
projects/projects.js,42,js,82c2c632,Ethan Choi,2026-04-30,14:07:42,-07:00,2026-04-30T14:07:42-07:00,2,0
projects/projects.js,43,js,82c2c632,Ethan Choi,2026-04-30,14:07:42,-07:00,2026-04-30T14:07:42-07:00,0,0
projects/projects.js,44,js,e89f94c0,Ethan Choi,2026-04-30,14:22:29,-07:00,2026-04-30T14:22:29-07:00,2,50
projects/projects.js,45,js,82c2c632,Ethan Choi,2026-04-30,14:07:42,-07:00,2026-04-30T14:07:42-07:00,4,35
projects/projects.js,46,js,82c2c632,Ethan Choi,2026-04-30,14:07:42,-07:00,2026-04-30T14:07:42-07:00,2,1
projects/projects.js,47,js,82c2c632,Ethan Choi,2026-04-30,14:07:42,-07:00,2026-04-30T14:07:42-07:00,0,0
projects/projects.js,48,js,e89f94c0,Ethan Choi,2026-04-30,14:22:29,-07:00,2026-04-30T14:22:29-07:00,2,53
projects/projects.js,49,js,82c2c632,Ethan Choi,2026-04-30,14:07:42,-07:00,2026-04-30T14:07:42-07:00,2,42
projects/projects.js,50,js,e89f94c0,Ethan Choi,2026-04-30,14:22:29,-07:00,2026-04-30T14:22:29-07:00,2,57
projects/projects.js,51,js,e89f94c0,Ethan Choi,2026-04-30,14:22:29,-07:00,2026-04-30T14:22:29-07:00,2,51
projects/projects.js,52,js,82c2c632,Ethan Choi,2026-04-30,14:07:42,-07:00,2026-04-30T14:07:42-07:00,0,0
projects/projects.js,53,js,e89f94c0,Ethan Choi,2026-04-30,14:22:29,-07:00,2026-04-30T14:22:29-07:00,2,27
projects/projects.js,54,js,348e4b74,Ethan Choi,2026-04-30,14:52:38,-07:00,2026-04-30T14:52:38-07:00,4,19
projects/projects.js,55,js,82c2c632,Ethan Choi,2026-04-30,14:07:42,-07:00,2026-04-30T14:07:42-07:00,6,13
projects/projects.js,56,js,82c2c632,Ethan Choi,2026-04-30,14:07:42,-07:00,2026-04-30T14:07:42-07:00,6,22
projects/projects.js,57,js,e89f94c0,Ethan Choi,2026-04-30,14:22:29,-07:00,2026-04-30T14:22:29-07:00,6,18
projects/projects.js,58,js,e89f94c0,Ethan Choi,2026-04-30,14:22:29,-07:00,2026-04-30T14:22:29-07:00,8,43
projects/projects.js,59,js,82c2c632,Ethan Choi,2026-04-30,14:07:42,-07:00,2026-04-30T14:07:42-07:00,8,0
projects/projects.js,60,js,348e4b74,Ethan Choi,2026-04-30,14:52:38,-07:00,2026-04-30T14:52:38-07:00,8,53
projects/projects.js,61,js,348e4b74,Ethan Choi,2026-04-30,14:52:38,-07:00,2026-04-30T14:52:38-07:00,8,92
projects/projects.js,62,js,348e4b74,Ethan Choi,2026-04-30,14:52:38,-07:00,2026-04-30T14:52:38-07:00,8,90
projects/projects.js,63,js,82c2c632,Ethan Choi,2026-04-30,14:07:42,-07:00,2026-04-30T14:07:42-07:00,8,0
projects/projects.js,64,js,348e4b74,Ethan Choi,2026-04-30,14:52:38,-07:00,2026-04-30T14:52:38-07:00,8,24
projects/projects.js,65,js,348e4b74,Ethan Choi,2026-04-30,14:52:38,-07:00,2026-04-30T14:52:38-07:00,8,43
projects/projects.js,66,js,348e4b74,Ethan Choi,2026-04-30,14:52:38,-07:00,2026-04-30T14:52:38-07:00,10,59
projects/projects.js,67,js,348e4b74,Ethan Choi,2026-04-30,14:52:38,-07:00,2026-04-30T14:52:38-07:00,10,42
projects/projects.js,68,js,348e4b74,Ethan Choi,2026-04-30,14:52:38,-07:00,2026-04-30T14:52:38-07:00,8,1
projects/projects.js,69,js,348e4b74,Ethan Choi,2026-04-30,14:52:38,-07:00,2026-04-30T14:52:38-07:00,8,0
projects/projects.js,70,js,348e4b74,Ethan Choi,2026-04-30,14:52:38,-07:00,2026-04-30T14:52:38-07:00,8,25
projects/projects.js,71,js,348e4b74,Ethan Choi,2026-04-30,14:52:38,-07:00,2026-04-30T14:52:38-07:00,10,46
projects/projects.js,72,js,348e4b74,Ethan Choi,2026-04-30,14:52:38,-07:00,2026-04-30T14:52:38-07:00,10,55
projects/projects.js,73,js,348e4b74,Ethan Choi,2026-04-30,14:52:38,-07:00,2026-04-30T14:52:38-07:00,8,0
projects/projects.js,74,js,348e4b74,Ethan Choi,2026-04-30,14:52:38,-07:00,2026-04-30T14:52:38-07:00,0,0
projects/projects.js,75,js,348e4b74,Ethan Choi,2026-04-30,14:52:38,-07:00,2026-04-30T14:52:38-07:00,8,48
projects/projects.js,76,js,348e4b74,Ethan Choi,2026-04-30,14:52:38,-07:00,2026-04-30T14:52:38-07:00,8,0
projects/projects.js,77,js,348e4b74,Ethan Choi,2026-04-30,14:52:38,-07:00,2026-04-30T14:52:38-07:00,8,61
projects/projects.js,78,js,348e4b74,Ethan Choi,2026-04-30,14:52:38,-07:00,2026-04-30T14:52:38-07:00,8,17
projects/projects.js,79,js,348e4b74,Ethan Choi,2026-04-30,14:52:38,-07:00,2026-04-30T14:52:38-07:00,10,55
projects/projects.js,80,js,348e4b74,Ethan Choi,2026-04-30,14:52:38,-07:00,2026-04-30T14:52:38-07:00,8,0
projects/projects.js,81,js,82c2c632,Ethan Choi,2026-04-30,14:07:42,-07:00,2026-04-30T14:07:42-07:00,6,1
projects/projects.js,82,js,82c2c632,Ethan Choi,2026-04-30,14:07:42,-07:00,2026-04-30T14:07:42-07:00,2,1
projects/projects.js,83,js,82c2c632,Ethan Choi,2026-04-30,14:07:42,-07:00,2026-04-30T14:07:42-07:00,0,0
projects/projects.js,84,js,e89f94c0,Ethan Choi,2026-04-30,14:22:29,-07:00,2026-04-30T14:22:29-07:00,2,25
projects/projects.js,85,js,82c2c632,Ethan Choi,2026-04-30,14:07:42,-07:00,2026-04-30T14:07:42-07:00,4,17
projects/projects.js,86,js,348e4b74,Ethan Choi,2026-04-30,14:52:38,-07:00,2026-04-30T14:52:38-07:00,6,26
projects/projects.js,87,js,e89f94c0,Ethan Choi,2026-04-30,14:22:29,-07:00,2026-04-30T14:22:29-07:00,6,68
projects/projects.js,88,js,82c2c632,Ethan Choi,2026-04-30,14:07:42,-07:00,2026-04-30T14:07:42-07:00,6,18
projects/projects.js,89,js,82c2c632,Ethan Choi,2026-04-30,14:07:42,-07:00,2026-04-30T14:07:42-07:00,8,43
projects/projects.js,90,js,348e4b74,Ethan Choi,2026-04-30,14:52:38,-07:00,2026-04-30T14:52:38-07:00,8,0
projects/projects.js,91,js,348e4b74,Ethan Choi,2026-04-30,14:52:38,-07:00,2026-04-30T14:52:38-07:00,8,92
projects/projects.js,92,js,348e4b74,Ethan Choi,2026-04-30,14:52:38,-07:00,2026-04-30T14:52:38-07:00,8,90
projects/projects.js,93,js,348e4b74,Ethan Choi,2026-04-30,14:52:38,-07:00,2026-04-30T14:52:38-07:00,8,0
projects/projects.js,94,js,348e4b74,Ethan Choi,2026-04-30,14:52:38,-07:00,2026-04-30T14:52:38-07:00,8,43
projects/projects.js,95,js,348e4b74,Ethan Choi,2026-04-30,14:52:38,-07:00,2026-04-30T14:52:38-07:00,10,59
projects/projects.js,96,js,348e4b74,Ethan Choi,2026-04-30,14:52:38,-07:00,2026-04-30T14:52:38-07:00,10,42
projects/projects.js,97,js,348e4b74,Ethan Choi,2026-04-30,14:52:38,-07:00,2026-04-30T14:52:38-07:00,8,1
projects/projects.js,98,js,348e4b74,Ethan Choi,2026-04-30,14:52:38,-07:00,2026-04-30T14:52:38-07:00,8,0
projects/projects.js,99,js,348e4b74,Ethan Choi,2026-04-30,14:52:38,-07:00,2026-04-30T14:52:38-07:00,8,25
projects/projects.js,100,js,348e4b74,Ethan Choi,2026-04-30,14:52:38,-07:00,2026-04-30T14:52:38-07:00,10,46
projects/projects.js,101,js,348e4b74,Ethan Choi,2026-04-30,14:52:38,-07:00,2026-04-30T14:52:38-07:00,10,55
projects/projects.js,102,js,348e4b74,Ethan Choi,2026-04-30,14:52:38,-07:00,2026-04-30T14:52:38-07:00,8,0
projects/projects.js,103,js,348e4b74,Ethan Choi,2026-04-30,14:52:38,-07:00,2026-04-30T14:52:38-07:00,0,0
projects/projects.js,104,js,348e4b74,Ethan Choi,2026-04-30,14:52:38,-07:00,2026-04-30T14:52:38-07:00,8,48
projects/projects.js,105,js,348e4b74,Ethan Choi,2026-04-30,14:52:38,-07:00,2026-04-30T14:52:38-07:00,8,0
projects/projects.js,106,js,348e4b74,Ethan Choi,2026-04-30,14:52:38,-07:00,2026-04-30T14:52:38-07:00,8,61
projects/projects.js,107,js,348e4b74,Ethan Choi,2026-04-30,14:52:38,-07:00,2026-04-30T14:52:38-07:00,8,17
projects/projects.js,108,js,348e4b74,Ethan Choi,2026-04-30,14:52:38,-07:00,2026-04-30T14:52:38-07:00,10,55
projects/projects.js,109,js,348e4b74,Ethan Choi,2026-04-30,14:52:38,-07:00,2026-04-30T14:52:38-07:00,8,0
projects/projects.js,110,js,82c2c632,Ethan Choi,2026-04-30,14:07:42,-07:00,2026-04-30T14:07:42-07:00,6,1
projects/projects.js,111,js,82c2c632,Ethan Choi,2026-04-30,14:07:42,-07:00,2026-04-30T14:07:42-07:00,2,1
projects/projects.js,112,js,82c2c632,Ethan Choi,2026-04-30,14:07:42,-07:00,2026-04-30T14:07:42-07:00,0,0
projects/projects.js,113,js,82c2c632,Ethan Choi,2026-04-30,14:07:42,-07:00,2026-04-30T14:07:42-07:00,0,0
projects/projects.js,114,js,e89f94c0,Ethan Choi,2026-04-30,14:22:29,-07:00,2026-04-30T14:22:29-07:00,0,48
projects/projects.js,115,js,348e4b74,Ethan Choi,2026-04-30,14:52:38,-07:00,2026-04-30T14:52:38-07:00,2,27
projects/projects.js,116,js,82c2c632,Ethan Choi,2026-04-30,14:07:42,-07:00,2026-04-30T14:07:42-07:00,0,1
projects/projects.js,117,js,82c2c632,Ethan Choi,2026-04-30,14:07:42,-07:00,2026-04-30T14:07:42-07:00,0,0
projects/projects.js,118,js,82c2c632,Ethan Choi,2026-04-30,14:07:42,-07:00,2026-04-30T14:07:42-07:00,0,22
projects/projects.js,119,js,348e4b74,Ethan Choi,2026-04-30,14:52:38,-07:00,2026-04-30T14:52:38-07:00,2,11
projects/projects.js,120,js,9b346cde,Ethan Choi,2026-04-23,16:04:11,-07:00,2026-04-23T16:04:11-07:00,0,0
projects/index.html,1,html,fcae04b4,Ethan Choi,2026-04-02,16:59:23,-07:00,2026-04-02T16:59:23-07:00,0,13
projects/index.html,2,html,fcae04b4,Ethan Choi,2026-04-02,16:59:23,-07:00,2026-04-02T16:59:23-07:00,0,14
projects/index.html,3,html,fcae04b4,Ethan Choi,2026-04-02,16:59:23,-07:00,2026-04-02T16:59:23-07:00,0,4
projects/index.html,4,html,fcae04b4,Ethan Choi,2026-04-02,16:59:23,-07:00,2026-04-02T16:59:23-07:00,2,20
projects/index.html,5,html,fcae04b4,Ethan Choi,2026-04-02,16:59:23,-07:00,2026-04-02T16:59:23-07:00,2,68
projects/index.html,6,html,17312765,Ethan Choi,2026-04-09,20:18:19,-07:00,2026-04-09T20:18:19-07:00,2,33
projects/index.html,7,html,17312765,Ethan Choi,2026-04-09,20:18:19,-07:00,2026-04-09T20:18:19-07:00,2,41
projects/index.html,8,html,2fcab8fe,Ethan Choi,2026-04-23,16:09:35,-07:00,2026-04-23T16:09:35-07:00,2,48
projects/index.html,9,html,2fcab8fe,Ethan Choi,2026-04-23,16:09:35,-07:00,2026-04-23T16:09:35-07:00,2,47
projects/index.html,10,html,fcae04b4,Ethan Choi,2026-04-02,16:59:23,-07:00,2026-04-02T16:59:23-07:00,0,5
projects/index.html,11,html,fcae04b4,Ethan Choi,2026-04-02,16:59:23,-07:00,2026-04-02T16:59:23-07:00,0,4
projects/index.html,12,html,17312765,Ethan Choi,2026-04-09,20:18:19,-07:00,2026-04-09T20:18:19-07:00,0,0
projects/index.html,13,html,2fcab8fe,Ethan Choi,2026-04-23,16:09:35,-07:00,2026-04-23T16:09:35-07:00,2,38
projects/index.html,14,html,17312765,Ethan Choi,2026-04-09,20:18:19,-07:00,2026-04-09T20:18:19-07:00,0,0
projects/index.html,15,html,82c2c632,Ethan Choi,2026-04-30,14:07:42,-07:00,2026-04-30T14:07:42-07:00,2,101
projects/index.html,16,html,82c2c632,Ethan Choi,2026-04-30,14:07:42,-07:00,2026-04-30T14:07:42-07:00,0,0
projects/index.html,17,html,82c2c632,Ethan Choi,2026-04-30,14:07:42,-07:00,2026-04-30T14:07:42-07:00,2,21
projects/index.html,18,html,82c2c632,Ethan Choi,2026-04-30,14:07:42,-07:00,2026-04-30T14:07:42-07:00,4,58
projects/index.html,19,html,82c2c632,Ethan Choi,2026-04-30,14:07:42,-07:00,2026-04-30T14:07:42-07:00,4,22
projects/index.html,20,html,82c2c632,Ethan Choi,2026-04-30,14:07:42,-07:00,2026-04-30T14:07:42-07:00,2,4
projects/index.html,21,html,82c2c632,Ethan Choi,2026-04-30,14:07:42,-07:00,2026-04-30T14:07:42-07:00,0,0
projects/index.html,22,html,2fcab8fe,Ethan Choi,2026-04-23,16:09:35,-07:00,2026-04-23T16:09:35-07:00,2,26
projects/index.html,23,html,17312765,Ethan Choi,2026-04-09,20:18:19,-07:00,2026-04-09T20:18:19-07:00,0,0
projects/index.html,24,html,fcae04b4,Ethan Choi,2026-04-02,16:59:23,-07:00,2026-04-02T16:59:23-07:00,0,5
projects/index.html,25,html,fcae04b4,Ethan Choi,2026-04-02,16:59:23,-07:00,2026-04-02T16:59:23-07:00,0,5
contact/index.html,1,html,fcae04b4,Ethan Choi,2026-04-02,16:59:23,-07:00,2026-04-02T16:59:23-07:00,0,13
contact/index.html,2,html,fcae04b4,Ethan Choi,2026-04-02,16:59:23,-07:00,2026-04-02T16:59:23-07:00,0,14
contact/index.html,3,html,fcae04b4,Ethan Choi,2026-04-02,16:59:23,-07:00,2026-04-02T16:59:23-07:00,0,4
contact/index.html,4,html,fcae04b4,Ethan Choi,2026-04-02,16:59:23,-07:00,2026-04-02T16:59:23-07:00,2,20
contact/index.html,5,html,fcae04b4,Ethan Choi,2026-04-02,16:59:23,-07:00,2026-04-02T16:59:23-07:00,2,68
contact/index.html,6,html,17312765,Ethan Choi,2026-04-09,20:18:19,-07:00,2026-04-09T20:18:19-07:00,2,32
contact/index.html,7,html,17312765,Ethan Choi,2026-04-09,20:18:19,-07:00,2026-04-09T20:18:19-07:00,2,41
contact/index.html,8,html,623f93d8,Ethan Choi,2026-04-16,16:54:38,-07:00,2026-04-16T16:54:38-07:00,2,48
contact/index.html,9,html,fcae04b4,Ethan Choi,2026-04-02,16:59:23,-07:00,2026-04-02T16:59:23-07:00,0,5
contact/index.html,10,html,fcae04b4,Ethan Choi,2026-04-02,16:59:23,-07:00,2026-04-02T16:59:23-07:00,0,4
contact/index.html,11,html,17312765,Ethan Choi,2026-04-09,20:18:19,-07:00,2026-04-09T20:18:19-07:00,0,0
contact/index.html,12,html,83a9a0c5,Ethan Choi,2026-04-02,17:00:48,-07:00,2026-04-02T17:00:48-07:00,2,14
contact/index.html,13,html,17312765,Ethan Choi,2026-04-09,20:18:19,-07:00,2026-04-09T20:18:19-07:00,0,0
contact/index.html,14,html,623f93d8,Ethan Choi,2026-04-16,16:54:38,-07:00,2026-04-16T16:54:38-07:00,2,40
contact/index.html,15,html,17312765,Ethan Choi,2026-04-09,20:18:19,-07:00,2026-04-09T20:18:19-07:00,4,5
contact/index.html,16,html,17312765,Ethan Choi,2026-04-09,20:18:19,-07:00,2026-04-09T20:18:19-07:00,6,8
contact/index.html,17,html,17312765,Ethan Choi,2026-04-09,20:18:19,-07:00,2026-04-09T20:18:19-07:00,6,61
contact/index.html,18,html,17312765,Ethan Choi,2026-04-09,20:18:19,-07:00,2026-04-09T20:18:19-07:00,4,6
contact/index.html,19,html,17312765,Ethan Choi,2026-04-09,20:18:19,-07:00,2026-04-09T20:18:19-07:00,4,5
contact/index.html,20,html,17312765,Ethan Choi,2026-04-09,20:18:19,-07:00,2026-04-09T20:18:19-07:00,6,5
contact/index.html,21,html,17312765,Ethan Choi,2026-04-09,20:18:19,-07:00,2026-04-09T20:18:19-07:00,6,53
contact/index.html,22,html,17312765,Ethan Choi,2026-04-09,20:18:19,-07:00,2026-04-09T20:18:19-07:00,4,6
contact/index.html,23,html,17312765,Ethan Choi,2026-04-09,20:18:19,-07:00,2026-04-09T20:18:19-07:00,4,5
contact/index.html,24,html,17312765,Ethan Choi,2026-04-09,20:18:19,-07:00,2026-04-09T20:18:19-07:00,6,5
contact/index.html,25,html,17312765,Ethan Choi,2026-04-09,20:18:19,-07:00,2026-04-09T20:18:19-07:00,6,75
contact/index.html,26,html,17312765,Ethan Choi,2026-04-09,20:18:19,-07:00,2026-04-09T20:18:19-07:00,4,6
contact/index.html,27,html,17312765,Ethan Choi,2026-04-09,20:18:19,-07:00,2026-04-09T20:18:19-07:00,4,33
contact/index.html,28,html,17312765,Ethan Choi,2026-04-09,20:18:19,-07:00,2026-04-09T20:18:19-07:00,2,5
contact/index.html,29,html,17312765,Ethan Choi,2026-04-09,20:18:19,-07:00,2026-04-09T20:18:19-07:00,0,0
contact/index.html,30,html,fcae04b4,Ethan Choi,2026-04-02,16:59:23,-07:00,2026-04-02T16:59:23-07:00,0,5
contact/index.html,31,html,fcae04b4,Ethan Choi,2026-04-02,16:59:23,-07:00,2026-04-02T16:59:23-07:00,0,5
